-- phpMyAdmin SQL Dump
-- version 3.3.9
-- http://www.phpmyadmin.net
--
-- Host: localhost
-- Generation Time: Apr 10, 2015 at 05:02 AM
-- Server version: 5.5.8
-- PHP Version: 5.3.5

SET SQL_MODE="NO_AUTO_VALUE_ON_ZERO";


/*!40101 SET @OLD_CHARACTER_SET_CLIENT=@@CHARACTER_SET_CLIENT */;
/*!40101 SET @OLD_CHARACTER_SET_RESULTS=@@CHARACTER_SET_RESULTS */;
/*!40101 SET @OLD_COLLATION_CONNECTION=@@COLLATION_CONNECTION */;
/*!40101 SET NAMES utf8 */;

--
-- Database: `ssclub`
--

-- --------------------------------------------------------

--
-- Table structure for table `bill2`
--

CREATE TABLE IF NOT EXISTS `bill2` (
  `bill_id` int(11) NOT NULL AUTO_INCREMENT,
  `qty` int(11) NOT NULL,
  `particalar` varchar(255) NOT NULL,
  `rates` int(11) NOT NULL,
  `amount` int(11) NOT NULL,
  `Billno` int(11) NOT NULL,
  `Reg_id` int(11) NOT NULL,
  PRIMARY KEY (`bill_id`)
) ENGINE=InnoDB DEFAULT CHARSET=latin1 AUTO_INCREMENT=1 ;

--
-- Dumping data for table `bill2`
--


-- --------------------------------------------------------

--
-- Table structure for table `billinfo`
--

CREATE TABLE IF NOT EXISTS `billinfo` (
  `BillNo` int(11) NOT NULL AUTO_INCREMENT,
  `Details` varchar(255) NOT NULL,
  `Quantity` int(11) NOT NULL,
  `Rates` int(11) NOT NULL,
  `Amount` int(11) NOT NULL,
  `rectification` int(11) NOT NULL,
  `Grandtotal` int(11) NOT NULL,
  `Reg_NO` int(11) NOT NULL,
  PRIMARY KEY (`BillNo`)
) ENGINE=InnoDB  DEFAULT CHARSET=latin1 AUTO_INCREMENT=21 ;

--
-- Dumping data for table `billinfo`
--

INSERT INTO `billinfo` (`BillNo`, `Details`, `Quantity`, `Rates`, `Amount`, `rectification`, `Grandtotal`, `Reg_NO`) VALUES
(1, 'Booth Charges', 1, 1500, 1500, 0, 1500, 1),
(2, 'Booth Charges', 1, 1500, 1500, 0, 1500, 1),
(3, 'Booth Charges', 1, 1500, 1500, 0, 1500, 11),
(4, 'Booth Charges', 1, 1500, 1500, 0, 1500, 11),
(5, 'Booth Charges', 1, 1500, 1500, 0, 1500, 11),
(6, 'Booth Charges', 1, 1500, 1500, 0, 1500, 11),
(7, 'Booth Charges', 1, 1500, 1500, 0, 1500, 11),
(8, 'Booth Charges', 1, 1500, 1500, 0, 1500, 12),
(9, 'Booth Charges', 1, 1500, 1500, 0, 1500, 12),
(10, 'Booth Charges', 1, 1500, 1500, 0, 1500, 12),
(11, 'Booth Charges', 1, 1500, 1500, 0, 1500, 13),
(12, 'Booth Charges', 1, 1500, 1500, 0, 1500, 13),
(13, 'Booth Charges', 1, 1500, 1500, 0, 1500, 11),
(14, 'Booth Charges', 1, 1500, 1500, 0, 1500, 11),
(15, 'Booth Charges', 1, 1500, 1500, 0, 1500, 11),
(16, 'Booth Charges', 1, 1500, 1500, 0, 1500, 11),
(17, 'Booth Charges', 1, 1500, 1500, 0, 1500, 11),
(18, 'Booth Charges', 1, 1500, 1500, 0, 1500, 11),
(19, 'Booth Charges', 1, 3000, 3000, 0, 3000, 14),
(20, 'Booth Charges', 1, 3000, 3000, 0, 3000, 14);

-- --------------------------------------------------------

--
-- Table structure for table `checkin`
--

CREATE TABLE IF NOT EXISTS `checkin` (
  `Reg_NO` int(11) NOT NULL AUTO_INCREMENT,
  `Name` varchar(255) NOT NULL,
  `fname` varchar(255) NOT NULL,
  `LicenseNO` varchar(255) NOT NULL,
  `Profession` varchar(255) NOT NULL,
  `NIC` varchar(255) NOT NULL,
  `CardNo` varchar(255) NOT NULL,
  `TelephoneNo` varchar(255) NOT NULL,
  `Membership` varchar(255) NOT NULL,
  `Address` varchar(255) NOT NULL,
  `Picture` varchar(255) NOT NULL,
  `Weapon` varchar(255) NOT NULL,
  `WeaponName` varchar(255) NOT NULL,
  `ArrivalDate` varchar(255) NOT NULL,
  `ArrivalTime` varchar(255) NOT NULL,
  `TimeOut` varchar(255) NOT NULL,
  `Fire` varchar(255) NOT NULL,
  `BoothNo` varchar(255) NOT NULL,
  `Persons` varchar(255) NOT NULL,
  `RangeCharge` varchar(255) NOT NULL,
  `Remarks` varchar(255) NOT NULL,
  `s_experience` varchar(255) NOT NULL,
  PRIMARY KEY (`Reg_NO`),
  KEY `NIC` (`NIC`),
  KEY `NIC_2` (`NIC`)
) ENGINE=InnoDB  DEFAULT CHARSET=latin1 AUTO_INCREMENT=128 ;

--
-- Dumping data for table `checkin`
--

INSERT INTO `checkin` (`Reg_NO`, `Name`, `fname`, `LicenseNO`, `Profession`, `NIC`, `CardNo`, `TelephoneNo`, `Membership`, `Address`, `Picture`, `Weapon`, `WeaponName`, `ArrivalDate`, `ArrivalTime`, `TimeOut`, `Fire`, `BoothNo`, `Persons`, `RangeCharge`, `Remarks`, `s_experience`) VALUES
(1, 'DILDAR KHAN ', 'NISAR AHMAD', 'PROVISIONAL LICENCE ', 'STUDENT ', '1610131525905', 'N/A', '0000000', 'Walkin', ' HOUSE NO 32 STREE NO 6 SECTER G/3 HAYABT ABAD PESHAWAR      ', '20150131_172410-1.jpg', 'self', 'B407754', '2015-01-31', '05:39 PM', '06:34 PM', '36', '3', '1', '1500', '0', ''),
(2, 'ASAD REHMAN ', 'ATTA UR REHMAN ', 'AB 99999241800', 'WORK IN BANK ALFALAH', '1730114560847', 'N/A', '0321959200', 'Walkin', '      WARSAK ROAD MUHALLA IRSHAD ABAD', '20150131_131344-1.jpg', 'self', 'TAW43919', '2015-01-31', '06:33 PM', '06:34 PM', '35', '1', '1', '1000', '0', ''),
(3, 'UMAR ARSHID SADEEQ', 'ARSHID SADEEQ', 'N/A', 'WORK IN BANK ALFALAH', '1730193850535', 'N/A', '03369175505', 'Walkin', '      HOUSE NO 786/A MOHALLAD IRSHAD ABAD WHARSAD ROAD PESHAWAR       ', '20150131_131354-1.jpg', 'club', '1044601147', '2015-01-31', '07:18 PM', '08:00 PM', '25', '4', '1', '1000', '0', ''),
(4, 'ABDULLAH HAFEEZ KHAN ', 'ABDUHAFEEZ KHAN ', 'N/A', 'EMPLOYEE IN PIC ', '3740502659049', 'N/A', '03215366506', 'Walkin', '      HOLUSE NO 1 MUHALLAD MUMTAZ COLONY ADIYALA ROAD RAWALPINDI       ', '20150131_194022-1.jpg', 'club', 'STOGER ', '2015-01-31', '07:59 PM', '08:01 PM', '32', '3', '1', '1000', '0', ''),
(5, 'SAAD ALAM', 'RUKEN ALAM JAVAID', '7515/DC/PR', 'PRIVATE BUSINESS', '1730131058153', 'N/A', '00', 'Walkin', '      BILAL LAIN UNIVESITY TOWN ARBAB ROAD HOUSE NO 187 PESHAWAR ', 'SAAD.jpg', 'self', '9 MM BERETA / TFZ89444', '2015-01-31', '08:27 PM', '08:58 PM', '50', '2', '1', '1000', '0', ''),
(6, 'TAHA MAZHAR', 'MAZHARUL HAQ', '7517/DC PR', 'PRIVATE BUSINESS', '17301-1494516-9', 'N/A', '03005944533', 'Walkin', '      HOUSE NO 106 STREET 11 DEFENCE OFFICERS COLONY KHAYBER ROAD PESHAWAR       ', '20150131_201400-1.jpg', 'self', '9MM  T6429-12G0912', '2015-01-31', '08:34 PM', '09:00 PM', '50', '4', '1', '1000', '0', ''),
(7, 'MUBASHIR PERVEZ KEEN', 'PERVEZ MUZAMMIL KEEN', 'AA-99993108753', 'KEEN SONS, / PRIVATE BUSINESS', '1584554300020001', '1584-5543-0002-0001', '03008599962', 'Platinum', 'HOUSE NO 129 STREET 2 SECTOR J 2 PHASE 2 HAYATABAD PESHAWAR             ', 'MUBASHIR PERVEEZ KEEN', 'self', 'GLOCK 19 / VTGY 636.', '2015-02-01', '12:38 PM', '01:06 PM', '110', '4', '1', '0', '0', ''),
(8, 'MUHAMMAD SAAD KHAN', 'MUHAMMAD ARIF', 'NON LICENCED ', 'MANAGER  AHL', '1730151894103', '5189410300020003', '03339055550', 'Silver', '      HOUSE NO 180 STREET 6 SECTOR G-2 PHASE 5 HAYATABAD PESHAWAR       ', 'MUHAMMAD SAAD KHAN', 'club', '1044601147', '2015-02-01', '03:39 PM', '04:05 PM', '30', '2', '2', '0', '0', ''),
(9, 'INAYAT ALI ', 'IFTIKHAR ALI', '12668/DCO /PR', 'SELF EPLOYEE ', '1730192724475', 'N/A', '03149033333', 'Walkin', '      HOUSE NO.A-1/2 NECALSON ROAD KHYBER ROAD PESHAWAR CANTGT', '20150201_194127-1.jpg', 'self', 'STOGER / T6429-12G03911', '2015-02-01', '07:45 PM', '08:28 PM', '50', '2', '2', '1000', '0', ''),
(10, 'INAYAT ALI ', 'IFTIKHAR ALI', '12668/DCO /PR', 'SELF EPLOYEE ', '1730192724475', 'N/A', '03149033333', 'Walkin', '      HOUSE NO.A-1/2 NECALSON ROAD KHYBER ROAD PESHAWAR CANTGT      ', '', 'self', 'STOGER / T6429-12G03911', '2015-02-01', '07:46 PM', '08:00 PM', '50', '3', '1', '1000', '0', ''),
(11, 'SHIRAZ KHALID KHAN ', 'MUHAMMAD KHALID KHAN ', 'N/A', 'HOTTLING BUSINESS', '1730101175377', 'N/A', '03219002490', 'Walkin', ' ARMY OFFICER COLONY STADIUM ROAD HOUSE NO.28-A PESHAWAR                               ', '20150202_201825-1.jpg', 'club', '1044601147', '2015-02-02', '08:25 PM', '02:06 PM', '25', '3', '2', '1500', 'WALK IN ', ''),
(12, 'SAAD ALAM', 'RUKEN ALAM JAVAID', '7515/DC/PR', 'PRIVATE BUSINESS', '1730131058153', 'N/A', '00', 'Walkin', '      BILAL LAIN UNIVESITY TOWN ARBAB ROAD HOUSE NO 187 PESHAWAR       ', 'SAAD.jpg', 'self', '9 MM BERETA / TFZ89444', '2015-02-02', '09:04 PM', '10:40 PM', '60', '2', '2', '1500', '', ''),
(13, 'INAYAT ALI ', 'IFTIKHAR ALI', '12668/DCO /PR', 'SELF EPLOYEE ', '1730192724475', 'N/A', '03149033333', 'Walkin', '      HOUSE NO.A-1/2 NECALSON ROAD KHYBER ROAD PESHAWAR CANTGT      ', '', 'self', 'STOGER / T6429-12G03911', '2015-02-02', '09:07 PM', '10:41 PM', '50', '4', '2', '1500', '', ''),
(14, 'INAYAT ALI ', 'IFTIKHAR ALI', '12668/DCO /PR', 'SELF EPLOYEE ', '1730192724475', 'N/A', '03149033333', 'Walkin', 'HOUSE NO.A-1/2 NECALSON ROAD KHYBER ROAD PESHAWAR CANTGT      ', '', 'self', 'STOGER / T6429-12G03911', '2015-02-03', '09:38 PM', '09:38 PM', '50', '2', '1', '3000', '0', 'MODERATE '),
(15, 'MUHAMMAD JUNAID QURESHI', ' M DAWOOD QURESHI', ' 501/DCO/PR', 'PRIVATE BUSINESS', ' 4230101268737', '0126873700010001', '03005956069', 'Platinum', 'HOUSE NO 83 STREET NO 16 DEFENCE OFFICER COLONY PESHAWAR CANTT                                                ', '1423055105_20150127_164241.jpg', 'self', 'B171362 / CZ ', '2015-02-04', '06:05 PM', '06:53 PM', '25', '3', '1', '0', '0', 'MODERATE '),
(16, ' SYED IFTIKHAR AHMED', 'SYED AZIZ AHMAD ', 'DC/PR', 'PRIVATE BUSINESS', ' 1620209848451', ' 0984 8451 0006 0001', '03219003777', 'Platinum', '      house no 199 street no 9 sector h 1 phase 2 hayatabad peshawar ', '1423061411_SYED IFTIKHAR AHMAD .jpg', 'self', '10008888', '2015-02-04', '07:50 PM', '11:48 AM', '50', '2', '2', '0', '', 'MODERATE '),
(17, 'mir jawad khan ', 'mir shams raza khan ', 'N/A', 'PRIVATE BUSINESS', '1730116121115', 'N/A', '03219009300', 'Walkin', '      MOHALLA FORT ROAD HOUSE NO 17 PESHAWAR CANTT.', '20150204_215831-1.jpg', 'club', '1044601147', '2015-02-04', '10:01 PM', '11:48 AM', '30', '3', '1', '1000', '0', 'MODERATE '),
(18, ' ARBAB MUHAMMAD FAHAD', ' ARBAB WAHEED ALAM', ' 10088 /DCO /PR', 'STUDENT ', ' 1730148969091', '4896909100030003', '03219115843', 'Silver', 'VILLAGE AND PO LANDI ARBAB TEHSIL & DISTRICT PESHAWAR     ', '1423138274_20150123_165701.jpg', 'club', '1044601147', '2015-02-05', '05:11 PM', '05:27 PM', '30', '2', '1', '0', '0', 'MODERATE '),
(19, 'Mohammad nadeed azam', 'Mohammad Azam jan', 'N/A', 'CHEIF PROCTER PESHAWAR UNIVERSITY ', '1730123505433', 'N/A', '03369265971', 'Walkin', '     HOUSE NO S.9 PESHAWAR UNIVERSITY       ', '20150206_165334-1.jpg', 'club', '1044601147', '2015-02-06', '05:02 PM', '07:33 PM', '20', '3', '2', '800', '0', 'MODERATE '),
(20, ' SYED IFTIKHAR AHMED', 'SYED AZIZ AHMAD ', '4577/dco/pr', 'PRIVATE BUSINESS', '1620209848451', '0984 8451 0006 0001', '03219003777', 'Platinum', '      house no 199 street no 9 sector h 1 phase 2 hayatabad peshawar                               ', '1423061411_SYED IFTIKHAR AHMAD .jpg', 'self', 'cwp 355', '2015-02-06', '07:39 PM', '08:21 PM', '50', '3', '1', '0', '0', 'MODERATE '),
(21, 'INAYAT ALI ', 'IFTIKHAR ALI', '12668/DCO /PR', 'SELF EPLOYEE ', '1730192724475', 'N/A', '03149033333', 'Walkin', '      HOUSE NO.A-1/2 NECALSON ROAD KHYBER ROAD PESHAWAR CANTGT      ', '20150201_194127-1.jpg', 'self', 'STOGER / T6429-12G03911', '2015-02-06', '08:54 PM', '09:59 PM', '50', '2', '3', '1500', '', ''),
(22, 'HASSAN ZAHIDDIN', ' GHULAM FARID', ' 2628/DCO/PR', 'PRIVATE BUSINESS', '1730136483625', '3648 3625 0003 0001', '03008597769', 'Platinum', ' HOUSE NO 108 STREET NO 11 DEFENCE OFFICERS COLONY PESHAWAR CANTT      ', '1423243534_20150129_222614-1.jpg', 'self', 'WGD616', '2015-02-06', '10:25 PM', '06:24 PM', '50', '3', '1', '0', '0', 'MODERATE '),
(23, ' M.ASAD PARACHA', ' M.ASIF PARACHA', 'N/A', 'DOCTOR ', ' 3710139785163', ' 3978 5163 0004 0003', '03229168189', 'Silver', 'HOUSE NO 206 STREET NO 14 NEW SHAMI ROAD PESHAWAR      ', '1423315746_M.ASAD PARACHA .jpg', 'club', '1044601147 / WIKING ', '2015-02-07', '06:29 PM', '06:33 PM', '50', '1', '2', '0', '0', 'MODERATE '),
(24, ' MUBASHIR PERVEZ KEEN', 'PERVEZ MUZAMMIL KEEN', ' AA-99993108753 / INTERIOR MINSITRY', 'keen sons ', ' 1730115845543', ' 1584 5543 0003 0001', '03008599962', 'Platinum', '   H NO 129 ST NO 2 SECTOR J-2 PHASEII HAYATABAD PESHAWAR    ', '1423387621_MUBASHIR PERVEEZ KEEN', 'self', '111', '2015-02-08', '02:27 PM', '02:28 PM', '110', '3', '1', '0', '0', 'MODERATE '),
(25, 'M.ASAD PARACHA', 'M.ASAD PARACHA', 'N/A', 'DOCTOR ', '3710139785163', '3978 5163 0004 0003', '03229168189', 'Silver', 'HOUSE NO 206 STREET NO 14 NEW SHAMI ROAD PESHAWAR', '1423393744_M.ASAD PARACHA .jpg', 'club', '1044601147', '2015-02-08', '04:09 PM', '04:38 PM', '25', '2', '1', '0', '0', 'MODERATE '),
(26, 'MUHAMMAD SAAD KHAN', 'MUHAMMAD ARIF', 'NON LICENCED ', 'MANAGER  AHL', '17301-5189410-3', '5189410300020003', '03339055550', 'Silver', '      HOUSE NO 180 STREET 6 SECTOR G-2 PHASE 5 HAYATABAD PESHAWAR                         ', 'MUHAMMAD SAAD KHAN', 'club', '1044601147', '2015-02-08', '04:09 PM', '05:01 PM', '50', '3', '1', '0', '0', 'MODERATE '),
(27, 'SAMIULLAH ', 'SHARAFAT KHAN ', 'N/A', 'PIA EMPLOYEEY ', '1730123647231', 'N/S', '03219064549', 'Walkin', '      GULSHAN IQBAL COLONY ARBAB ROAD PESHAWAR ', 'SAMIULLAH KHAN .jpg', 'club', '1044601147', '2015-02-08', '05:44 PM', '06:16 PM', '50', '2', '1', '1000', '0', 'MODERATE '),
(28, 'HASSAN ZAHIDDIN', ' GHULAM FARID', ' 2628/DCO/PR', 'PRIVATE BUSINESS', '1730136483625', '3648 3625 0003 0001', '03008597769', 'Platinum', ' HOUSE NO 108 STREET NO 11 DEFENCE OFFICERS COLONY PESHAWAR CANTT            ', '1423243534_20150129_222614-1.jpg', 'self', 'WGD616', '2015-02-08', '06:22 PM', '06:29 PM', '50', '4', '1', '0', '0', 'MODERATE '),
(29, 'SAAD ALAM', 'RUKEN ALAM JAVAID', '7515/DC/PR', 'PRIVATE BUSINESS', '1730131058153', 'N/A', '', 'Walkin', 'BILAL LAIN UNIVESITY TOWN ARBAB ROAD HOUSE NO 187 PESHAWAR                                           ', 'SAAD.jpg', 'self', '9 MM BERETA / TFZ89444', '2015-02-08', '09:43 PM', '10:04 PM', '50', '3', '1', '500', '0', ''),
(30, 'M.ASAD PARACHA', 'M.ASAD PARACHA', 'N/A', 'DOCTOR ', '3710139785163', '3978 5163 0004 0003', '03229168189', 'Silver', 'HOUSE NO 206 STREET NO 14 NEW SHAMI ROAD PESHAWAR            ', '1423393744_M.ASAD PARACHA .jpg', 'club', '1044601147', '2015-02-09', '02:42 PM', '04:16 PM', '50', '2', '2', '0', '0', 'MODERATE '),
(31, 'MUHAMMAD SAAD KHAN', 'MUHAMMAD ARIF', 'NON LICENCED ', 'MANAGER  AHL', '1730151894103', '5189410300020003', '03339055550', 'Silver', 'HOUSE NO 180 STREET 6 SECTOR G-2 PHASE 5 HAYATABAD PESHAWAR                         ', 'MUHAMMAD SAAD KHAN', 'club', '1044601147', '2015-02-09', '07:20 PM', '06:32 PM', '50', '2', '1', '0', '0', 'MODERATE '),
(32, 'MUHAMMAD SAAD KHAN', 'MUHAMMAD ARIF', 'NON LICENCED ', 'MANAGER  AHL', '17301-5189410-3', '5189410300020003', '03339055550', 'Silver', '      HOUSE NO 180 STREET 6 SECTOR G-2 PHASE 5 HAYATABAD PESHAWAR                         ', 'MUHAMMAD SAAD KHAN', 'club', '1044601147', '2015-02-10', '06:31 PM', '07:54 PM', '50', '3', '1', '0', '0', ''),
(33, 'M.ASAD PARACHA', 'M.ASAD PARACHA', 'N/A', 'DOCTOR ', '3710139785163', '3978 5163 0004 0003', '03229168189', 'Silver', 'HOUSE NO 206 STREET NO 14 NEW SHAMI ROAD PESHAWAR            ', '1423393744_M.ASAD PARACHA .jpg', 'club', '1044601147', '2015-02-10', '08:49 PM', '03:52 PM', '15', '1', '1', '0', '0', ''),
(34, 'SARDAR MUHAMMAD ZESHAN', 'SARDAR MUHAMMAD IQBAL', '10354/DCO/PR', 'PRIVATE BUSINESS', '1730145618797', 'N/A', '03459899999', 'Walkin', 'HOUSE NO 2042 SHAHEEN HOWAILI KOCHA RASALDAR PESHAWAR ', '20150211_154656-1.jpg', 'self', 'T6429-10G003576', '2015-02-11', '03:52 PM', '03:52 PM', '650', '2', '1', '2000', '0', 'MODERATE '),
(36, 'MOHAMMAD IQBAL', 'NOOR AHMAD KHAN ', '3712/DCO PR', 'RETIRED MEDICAL DOCTER ', '1730107622353', 'N/A', '03329085371', 'Walkin', 'HOUSE NO 48 C SAHIBZADA ABDUL QAYUM ROAD UNIVESTIY TOWN PESHAWAR ', 'MOHAMMAD IQBAL.jpg', 'self', '9MM PISTOL CZ / B019447', '2015-02-12', '04:11 PM', '04:57 PM', '25', '3', '1', '1000', '0', 'MODERATE '),
(37, 'M.ASAD PARACHA', 'M.ASAD PARACHA', 'N/A', 'DOCTOR ', '3710139785163', '3978 5163 0004 0003', '03229168189', 'Silver', 'HOUSE NO 206 STREET NO 14 NEW SHAMI ROAD PESHAWAR      ', '1423393744_M.ASAD PARACHA .jpg', 'club', '1044601147', '2015-02-12', '06:26 PM', '06:47 PM', '30', '3', '1', '500', '0', 'MODERATE '),
(38, 'MUHAMMAD SAAD KHAN', 'MUHAMMAD ARIF', '120002895', 'MANAGER  AHL', '17301-5189410-3', '5189410300020003', '03339055550', 'Silver', 'HOUSE NO 180 STREET 6 SECTOR G-2 PHASE 5 HAYATABAD PESHAWAR                         ', 'MUHAMMAD SAAD KHAN', 'self', 'CF 98 / 00426907236', '2015-02-12', '07:33 PM', '09:31 PM', '50', '3', '1', '0', '0', 'MODERATE '),
(39, ' DR.NASIR KARIM', 'ABDUL KARIM', ' 2668/DCO/PR', 'PROFESSOR ', '1730198884371', '9888 4371 0004 0001', '03219044882', 'Platinum', 'HOUSE NO 90 STREET 9 J 2 PHASE 2 HAYATABAD      ', '1423753273_DR NASIR KARIM .jpg', 'self', '111', '2015-02-12', '08:01 PM', '08:32 PM', '50', '2', '1', '0', '0', 'MODERATE '),
(40, 'YOUSHA IMRAN ', 'IMRAN KHALIL', 'N/A', 'PHARMA BUSINESS / CONTINENTAL PHARMA  ', '4220151106977', 'N/A', '03218794104', 'Walkin', 'TIMU SULTAN ROAD HOUSE NO 40 MUHALLAH DEHKI KANSTYL HOUSING SOCIETY BLOCK 7/8 KARACHI SHARQI                   ', 'YOUSHA IMRAN .jpg', 'club', '1044601147/ WIKING ', '2015-02-12', '09:31 PM', '10:06 PM', '50', '2', '1', '1500', 'STYING GUESTS', 'MODERATE '),
(41, 'M.ASAD PARACHA', 'M.ASAD PARACHA', 'N/A', 'DOCTOR ', '3710139785163', '3978 5163 0004 0003', '03229168189', 'Silver', 'HOUSE NO 206 STREET NO 14 NEW SHAMI ROAD PESHAWAR                                          ', '1423393744_M.ASAD PARACHA .jpg', 'club', '1044601147', '2015-02-13', '12:48 PM', '02:29 PM', '50', '1', '2', '500', 'gun charges', 'MODERATE '),
(42, 'ajmal khan ', 'rehmanuddin ', 'N/A', 'DOCTOR ', '1560263717117', 'N/A', '03429063373', 'Walkin', '  CIRCULAR ROAD UNIVESITY TOWN HOUSE NO D/34 A', 'ajmal khan .jpg', 'club', '1044601147', '2015-02-13', '01:29 PM', '02:34 PM', '50', '2', '1', '2000', '', 'MODERATE '),
(43, ' DR.NASIR KARIM', 'ABDUL KARIM', ' 2668/DCO/PR', 'PROFESSOR ', ' 1730198884371', ' 9888 4371 0004 0001', '03219044882', 'Platinum', 'HOUSE NO 90 STREET 9 J 2 PHASE 2 HAYATABAD                        ', '1423753273_DR NASIR KARIM .jpg', 'self', '111', '2015-02-13', '07:04 PM', '07:53 PM', '25', '2', '1', '0', '0', 'MODERATE '),
(44, 'SAMIULLAH ', 'SHARAFAT KHAN ', 'N/A', 'PIA EMPLOYEEY ', '1730123647231', 'N/S', '03219064549', 'Walkin', 'GULSHAN IQBAL COLONY ARBAB ROAD PESHAWAR                         ', 'SAMIULLAH KHAN .jpg', 'club', '1044601147', '2015-02-13', '08:38 PM', '09:24 PM', '50', '2', '2', '1500', '0', 'MODERATE '),
(45, ' SYED IFTIKHAR AHMED', 'SYED AZIZ AHMAD ', 'DC/PR', 'PRIVATE BUSINESS', ' 1620209848451', ' 0984 8451 0006 0001', '03219003777', 'Platinum', 'house no 199 street no 9 sector h 1 phase 2 hayatabad peshawar                   ', '1423061411_SYED IFTIKHAR AHMAD .jpg', 'self', '10008888', '2015-02-13', '09:28 PM', '09:47 PM', '150', '3', '1', '0', '0', 'MODERATE '),
(47, 'Tahir Azeem Afridi', 'MOHAMMAD AZEEM AFRIDI', 'N/A', ' FLYING OFFICER / ', '1730177542171', 'N/A', '03339235376', 'Walkin', 'STREET 13 HOUSE NO 2RAHAT ABAD PESHAWAR                             ', 'IMG-20150201-WA0004.jpg', 'self', 'CZ 75 / B414932', '2015-02-14', '02:13 PM', '02:28 PM', '50', '1', '1', '1000', '0', 'BEGINNER'),
(51, 'Muhammad Usama', 'Muhammad Nawaz', 'N/A', 'PRIVATE BUSINESS', '1730132069621', 'N/A', '000', 'Silver', 'will be updated soon      ', '1423921028_musama.jpg', 'club', '9 MM BERETA / TFZ89444', '2015-02-14', '06:37 PM', '07:59 PM', '50', '3', '1', '0', '0', 'MODERATE '),
(53, 'SYED IFTIKHAR AHMED', 'SYED AZIZ AHMAD ', '4577/dco/pr', 'PRIVATE BUSINESS', '1620209848451', '0984 8451 0006 0001', '03219003777', 'Platinum', '      house no 199 street no 9 sector h 1 phase 2 hayatabad peshawar                                     ', '1423061411_SYED IFTIKHAR AHMAD .jpg', 'self', 'cwp 355', '2015-02-14', '07:59 PM', '02:35 PM', '120', '2', '1', '0', '0', ''),
(54, 'MUBASHIR PERVEZ KEEN', 'PERVEZ MUZAMMIL KEEN', 'AA-99993108753', 'KEEN SONS, / PRIVATE BUSINESS', '1730115845543', '1584-5543-0002-0001', '03008599962', 'Platinum', 'HOUSE NO 129 STREET 2 SECTOR J 2 PHASE 2 HAYATABAD PESHAWAR                         ', 'MUBASHIR PERVEEZ KEEN', 'self', 'GLOCK 19 / VTGY 636.', '2015-02-15', '02:33 PM', '05:41 PM', '100', '3', '1', '0', '0', 'MODERATE '),
(55, 'HASSAN ZAHIDDIN', ' GHULAM FARID', ' 2628/DCO/PR', 'PRIVATE BUSINESS', '1730136483625', '3648 3625 0003 0001', '03008597769', 'Platinum', ' HOUSE NO 108 STREET NO 11 DEFENCE OFFICERS COLONY PESHAWAR CANTT            ', '1423243534_20150129_222614-1.jpg', 'self', 'WGD616', '2015-02-15', '05:23 PM', '07:33 PM', '50', '2', '1', '0', '0', 'MODERATE '),
(56, 'SYED IFTIKHAR AHMED', 'SYED AZIZ AHMAD ', '4577/dco/pr', 'PRIVATE BUSINESS', '1620209848451', '0984 8451 0006 0001', '03219003777', 'Platinum', '      house no 199 street no 9 sector h 1 phase 2 hayatabad peshawar                                                 ', '1423061411_SYED IFTIKHAR AHMAD .jpg', 'self', 'cwp 355', '2015-02-15', '09:12 PM', '10:19 PM', '212', '3', '1', '0', '.45 ', 'MODERATE '),
(57, 'Muhammad Usama Khan', ' Muhammad Nawaz', ' aa 99996564956', 'STUDENT / IQRA UNIVERSITY / ENGINERING', '1730132069621', '320696210005000', '03469063646', 'Silver', ' House# D19, FG Colony Shami Road. Peshawar    ', '1424093149_musama.jpg', 'club', '1044601147', '2015-02-16', '06:25 PM', '08:16 PM', '', '3', '1', '0', '0', 'MODERATE '),
(58, 'MUHAMMAD SAAD KHAN', 'MUHAMMAD ARIF', ' 120002895', 'MANAGER  AHL', '1730151894103', '5189410300020003', '03339055550', 'Silver', 'HOUSE NO 180 STREET 6 SECTOR G-2 PHASE 5 HAYATABAD PESHAWAR                                                 ', 'MUHAMMAD SAAD KHAN', 'self', 'CF 98 / 00426907236', '2015-02-16', '08:16 PM', '09:20 PM', '30', '1', '1', '0', '0', 'MODERATE '),
(59, 'MUHAMMAD SAAD KHAN', 'MUHAMMAD ARIF', '120002895', 'MANAGER  AHL', '1730151894103', '5189410300020003', '03339055550', 'Silver', 'HOUSE NO 180 STREET 6 SECTOR G-2 PHASE 5 HAYATABAD PESHAWAR                               ', 'MUHAMMAD SAAD KHAN', 'self', 'CF 98 / 00426907236', '2015-02-17', '07:38 PM', '07:37 PM', '55', '3', '1', '0', '0', 'MODERATE '),
(60, 'TAHA MAZHAR', 'MAZHARUL HAQ', '7517/DC PR', 'PRIVATE BUSINESS', '1730114945169', 'N/A', '03005944533', 'Walkin', '      HOUSE NO 106 STREET 11 DEFENCE OFFICERS COLONY KHAYBER ROAD PESHAWAR             ', '20150131_201400-1.jpg', 'self', '9MM  T6429-12G0912', '2015-02-17', '07:42 PM', '08:40 PM', '50', '2', '1', '1500', '0', ''),
(61, 'INAYAT ALI ', 'IFTIKHAR ALI', '12668/DCO /PR', 'SELF EPLOYEE ', '1730192724475', 'N/A', '03149033333', 'Walkin', '      HOUSE NO.A-1/2 NECALSON ROAD KHYBER ROAD PESHAWAR CANTGT      ', '20150201_194127-1.jpg', 'self', 'STOGER / T6429-12G03911', '2015-02-17', '07:43 PM', '08:27 PM', '50', '4', '1', '2000', '0', ''),
(62, 'INAYAT ALI ', 'IFTIKHAR ALI', '12668/DCO /PR', 'SELF EPLOYEE ', '1730192724475', 'N/A', '03149033333', 'Walkin', 'HOUSE NO.A-1/2 NECALSON ROAD KHYBER ROAD PESHAWAR CANTGT            ', '20150201_194127-1.jpg', 'self', 'STOGER / T6429-12G03911', '2015-02-17', '07:56 PM', '08:40 PM', '50', '5', '1', '1900', '0', ''),
(63, 'SYED MUHAMMAD HAMZA', ' MUHAMMAD HAMAYUN', 'N/A', 'enginer', '1730188182471', '8818247100010003', '0323-9101141', 'Silver', ' H NO 174 SECTOR E 2 STREET 7 PHASE 1 HAYATABAD PESHAWAR           ', '1424268632_SYED MUHAMMAD HAMZA', 'club', '1044601147', '2015-02-18', '07:10 PM', '07:12 PM', '40', '5', '1', '0', '0', 'MODERATE '),
(64, 'DR.NASIR KARIM', 'ABDUL KARIM', ' 2668/DCO/PR', 'PROFESSOR ', '1730198884371', '9888 4371 0004 0001', '03219044882', 'Platinum', 'HOUSE NO 90 STREET 9 J 2 PHASE 2 HAYATABAD                        ', '1423753273_DR NASIR KARIM .jpg', 'self', 'CZ 75 ', '2015-02-18', '07:20 PM', '07:33 PM', '50', '2', '1', '0', '0', 'MODERATE '),
(65, 'SLMAN JAVED', 'JAVED ZAMEER AHMAD ', 'N/A', 'SAP PAKISTAN ', '352042113805', 'N/A', '03454015813', 'Walkin', '      HOUSE NO 147 STREE NO 3 MUHALLA KEWLERY GROUND LAHORE CANTT', '20150219_190557-1.jpg', 'club', '1044601147', '2015-02-19', '07:12 PM', '09:24 PM', '100', '3', '1', '1000', '0', 'INITIAL'),
(66, 'MUHAMMAD MUSTAFA', 'MALIK MUHAMMAD IQBAL KHAN ', ' 565/P-769', 'PRIVATE BUSINESS', '1110115072099', '1507 2099 0007 0001', '03059046611', 'Platinum', ' PO AND VILLAGE BAZAR AHMAD KHAN BANNUE     ', '1424356125_MUHAMMAD MUSTAFA .jpg', 'club', '1044601147', '2015-02-19', '07:28 PM', '11:07 PM', '30', '4', '1', '0', '0', 'ADVANCE'),
(67, 'IBRAHIM AHMAD', 'AHMAD JAN', '6257/DCO/PR', 'DOCTOR ', '1730114469895', 'N/A', '03336782467', 'Walkin', ' HOUSE NO 729 STREET NO 22 E 6 PHASE 7 PESHAWAR      ', '20150219_211509-1.jpg', 'self', 'NES36838', '2015-02-19', '09:16 PM', '11:07 PM', '25', '1', '2', '1000', '0', 'INITIAL'),
(68, 'M.ASAD PARACHA', 'M.ASAD PARACHA', 'N/A', 'DOCTOR ', '3710139785163', '3978 5163 0004 0003', '03229168189', 'Silver', 'HOUSE NO 206 STREET NO 14 NEW SHAMI ROAD PESHAWAR            ', '1423393744_M.ASAD PARACHA .jpg', 'club', '1044601147', '2015-02-19', '11:07 PM', '07:57 PM', '20', '3', '1', '0', '0', ''),
(69, 'DR.NASIR KARIM', 'ABDUL KARIM', ' 2668/DCO/PR', 'PROFESSOR ', '1730198884371', '9888 4371 0004 0001', '03219044882', 'Platinum', 'HOUSE NO 90 STREET 9 J 2 PHASE 2 HAYATABAD            ', '1423753273_DR NASIR KARIM .jpg', 'self', '111', '2015-02-20', '07:53 PM', '07:57 PM', '35', '2', '1', '0', '0', 'EXPERT'),
(70, 'MUHAMMAD MUSTAFA', 'MALIK MUHAMMAD IQBAL KHAN ', ' 565/P-769', 'PRIVATE BUSINESS', '1110115072099', '1507 2099 0007 0001', '03059046611', 'Platinum', ' PO AND VILLAGE BAZAR AHMAD KHAN BANNUE           ', '1424356125_MUHAMMAD MUSTAFA .jpg', 'self', '1044601147', '2015-02-20', '08:27 PM', '09:55 PM', '85', '1', '1', '0', '0', '0'),
(71, 'SYED IFTIKHAR AHMED', 'SYED AZIZ AHMAD ', '4577/dco/pr', 'PRIVATE BUSINESS', '1620209848451', '0984 8451 0006 0001', '03219003777', 'Platinum', '      house no 199 street no 9 sector h 1 phase 2 hayatabad peshawar                                     ', '1423061411_SYED IFTIKHAR AHMAD .jpg', 'self', 'cwp 355', '2015-02-20', '08:27 PM', '09:56 PM', '100', '2', '1', '0', '0', 'MODERATE '),
(72, 'MUHAMMAD SAAD KHAN', 'MUHAMMAD ARIF', '120002895', 'MANAGER  AHL', '17301-5189410-3', '5189410300020003', '03339055550', 'Silver', 'HOUSE NO 180 STREET 6 SECTOR G-2 PHASE 5 HAYATABAD PESHAWAR                                     ', 'MUHAMMAD SAAD KHAN', 'self', 'CF 98 / 00426907236', '2015-02-21', '07:23 PM', '05:12 PM', '55', '3', '1', '0', '0', 'MODERATE '),
(73, 'MUHAMMAD SAAD KHAN', 'MUHAMMAD ARIF', '120002895', 'MANAGER  AHL', '1730151894103', '5189410300020003', '03339055550', 'Silver', 'HOUSE NO 180 STREET 6 SECTOR G-2 PHASE 5 HAYATABAD PESHAWAR                                           ', 'MUHAMMAD SAAD KHAN', 'self', 'CF 98 / 00426907236', '2015-02-22', '04:53 PM', '04:53 PM', '105', '2', '1', '0', '0', 'MODERATE '),
(74, 'DR.NASIR KARIM', 'ABDUL KARIM', ' 2668/DCO/PR', 'PROFESSOR ', '1730198884371', '9888 4371 0004 0001', '03219044882', 'Platinum', 'HOUSE NO 90 STREET 9 J 2 PHASE 2 HAYATABAD                  ', '1423753273_DR NASIR KARIM .jpg', 'self', '111', '2015-02-22', '06:40 PM', '07:19 PM', '35', '4', '1', '0', '0', 'EXPERT'),
(75, 'ALI RAZA ANSAR', 'MALIK ANSAR', 'N/A', 'STUDENT / IM SCIENCES', '1730155993819', 'N/', '03329131454', 'Walkin', 'HOUSE NO 16-A STREET B-3 NISHTARABAD PESHAWAR ', '1424614644_YOUSHA IMRAN .jpg', 'club', '1044601147', '2015-02-22', '07:17 PM', '07:53 PM', '100', '3', '1', '1000', '0', 'INITIAL'),
(76, 'MUHAMMAD AWAIS JAVED', 'JAVED AMJID', 'N/A', 'GOVT:OFFICER.', '1730192999911', 'N/A', '03339212222', 'Walkin', 'WARSAK ROAD STREET NO 2 MUHALLAH ABSHAR COLONY PESHAWAR.      ', '20150222_193253-1.jpg', 'club', '1044601147', '2015-02-22', '07:40 PM', '07:54 PM', '20', '4', '2', '1500', '', 'MODERATE '),
(77, 'MIAN KAMARAN JALIL SHAH', 'MIAN JALIL SHAH', '111', '111', '1710104100533', '0410 0533 0005 0001', '0345', 'Platinum', '  AL JALIL HOUSE MERAH GULABAD CHARSADDA    ', '1424618161_MIAN KAMRAN JALIL SHAH .jpg', 'self', '111', '2015-02-22', '08:16 PM', '09:51 PM', '50', '4', '1', '0', '0', 'MODERATE '),
(79, 'DR.SYED ABBAS', ' SYED MUHAMMAD ABBAS', '4016/DC PR', 'DOCTOR ', '1730129926849', '0221 3173 0003 0002', '03323683290', 'Gold', '  HOUSE NO 2 BAITUL NOOR REHATABAD STREET NO 10 PESHAWAR     ', 'DR SYED ASAD ABBAS.jpg', 'self', 'CF 42 / 00517913', '2015-02-22', '09:27 PM', '09:51 PM', '50', '2', '1', '0', '0', 'INITIAL'),
(80, 'MUBASHIR PERVEZ KEEN', 'PERVEZ MUZAMMIL KEEN', 'AA-99993108753', 'KEEN SONS, / PRIVATE BUSINESS', '1730115845543', '1584-5543-0002-0001', '03008599962', 'Platinum', 'HOUSE NO 129 STREET 2 SECTOR J 2 PHASE 2 HAYATABAD PESHAWAR                               ', 'MUBASHIR PERVEEZ KEEN', 'self', 'GLOCK 19 / VTGY 636.', '2015-02-22', '09:42 PM', '09:51 PM', '122', '1', '1', '0', '0', 'MODERATE '),
(81, 'MASOOD AHMAD', 'MIR MUHAMMAD', 'N/A', 'MEDICAL STUDETN ', '1730115448897', '1544 8897 0006 0003', '03329263672', 'Silver', '  BEHIND GULHAJI PLAZA UNIVERSITY ROAD PESHAWAR     ', '1424698508_20150223_175748-1-1.jpg', 'club', '1044601147', '2015-02-23', '06:35 PM', '06:59 PM', '50', '2', '1', '0', '0', 'INITIAL'),
(82, 'KHAN BASHAR', 'AL HAJ LAL BASHAR KHAN ', '130951-A INETIOR MINSTRY', 'PRIVATE BUSINESS', '1730122814773', '2281 4773 0001 0002', '000', 'Gold', 'MUHAMMAD ABAD GUL BAHAR NO.5 PESHAWAR CITY . ', '1424782041_KHAN BASHAN', 'self', '1044601147', '2015-02-24', '05:47 PM', '', '30', '33', '1', '0', '0', ''),
(83, 'FARHAN QADEER', 'TARIQ QADEER ', '1417/DCO PR', 'BANK OFFICER / NATIONBANK / SADDAR ROAD ', '1730150191317', 'N/A', '03219071566', 'Walkin', ' FALCON COMPLEX D-68 THE MAL HOUSE NO 34 STREET NO 4. PESHAWAR CANTT DISTT: PESHAWAR           ', '20150224_175400-1.jpg', 'self', '32057 / .32 ', '2015-02-24', '06:05 PM', '07:34 PM', '50', '2', '2', '1000', '0', 'MODERATE '),
(84, 'MUHAMMAD SAAD KHAN', 'MUHAMMAD ARIF', '120002895', 'MANAGER  AHL', '1730151894103', '5189410300020003', '03339055550', 'Silver', 'HOUSE NO 180 STREET 6 SECTOR G-2 PHASE 5 HAYATABAD PESHAWAR                                                 ', 'MUHAMMAD SAAD KHAN', 'self', 'CF 98 / 00426907236', '2015-02-24', '06:44 PM', '08:48 PM', '105', '3', '1', '0', '0', 'MODERATE '),
(85, 'SYED MUHAMMAD HAMZA', ' MUHAMMAD HAMAYUN', 'N/A', 'enginer', '1730188182471', '8818247100010003', '0323-9101141', 'Silver', ' H NO 174 SECTOR E 2 STREET 7 PHASE 1 HAYATABAD PESHAWAR                 ', '1424268632_SYED MUHAMMAD HAMZA', 'self', '1044601147', '2015-02-24', '07:41 PM', '08:48 PM', '100', '4', '1', '0', '0', 'MODERATE '),
(86, 'DR.SYED ABBAS', ' SYED MUHAMMAD ABBAS', '4016/DC PR', 'DOCTOR ', '1730129926849', '0221 3173 0003 0002', '03323683290', 'Gold', '  HOUSE NO 2 BAITUL NOOR REHATABAD STREET NO 10 PESHAWAR           ', 'DR SYED ASAD ABBAS.jpg', 'self', 'CF 42 / 00517913', '2015-02-24', '08:42 PM', '08:48 PM', '50', '2', '1', '0', '0', 'INITIAL'),
(87, 'M ISHAQ PARACHA', 'Abdul Qayyum Paracha', ' AA99991483441', 'PRIVATE BUSINESS', '17301034108601', '3410 8601 0002 0002', '03333198960', 'Gold', '  H NO 131 DEFENCE OFFICERS COLONY PESHAWAR     ', '1424794622_20150124_212112-1.jpg', 'self', '1215326296', '2015-02-24', '09:17 PM', '04:15 PM', '50', '1', '1', '0', '0', 'MODERATE '),
(88, 'FAISAL ZAMAN SALEEM', 'MUHAMMA SALEEM JAVAID', '1366/DC OR ', 'PRIVATE BUSINESS', '1730194315323', 'N/A', '03469145423', 'Walkin', 'ATATURK LINE UNIVERSITY TOWN CURRICULAR ROAD HOUSE NO 26/D-2 PESHAWAR.    ', '20150225_160938-1.jpg', 'self', '221455 / 30 BORE ', '2015-02-25', '04:15 PM', '08:21 PM', '50', '2', '1', '1000', '0', 'INITIAL'),
(89, 'MALOOK KHAN', 'RAKHAM DIN', '5685/DC PR', 'BUSINESS', '1730119283727', 'N/A', '03325808137', 'Walkin', ' PO KARYANA NATHI DAUDZAI DISTT PESHAWAR     ', 'MALOOK KHAN .jpg', 'self', '134427490', '2015-02-25', '08:21 PM', '08:57 PM', '50', '3', '2', '1500', '0', 'MODERATE '),
(90, 'ZESHAN SAFDAR', 'MALIK M. SAFDAR', '147/P-36', 'BUSINESS', '1730115818581', 'N/A', '3479110400', 'Walkin', '  HOUSE NO 399 STREE NO 12 E 3 PHASE 1 HAYATABAD PESHAWAR  ', 'ZEESHAN  SAFDAR.jpg', 'self', '02538 ', '2015-02-25', '08:38 PM', '09:00 PM', '40', '2', '2', '1500', '0', 'INITIAL'),
(91, 'DR.SYED ABBAS', ' SYED MUHAMMAD ABBAS', '4016/DC PR', 'DOCTOR ', '1730129926849', '0221317300030002', '03323683290', 'Gold', '  HOUSE NO 2 BAITUL NOOR REHATABAD STREET NO 10 PESHAWAR                 ', 'DR SYED ASAD ABBAS.jpg', 'self', 'CF 42 / 00517913', '2015-02-25', '10:11 PM', '01:55 PM', '50', '1', '1', '0', '0', 'INITIAL'),
(92, 'M ISHAQ PARACHA', 'Abdul Qayyum Paracha', ' AA99991483441', 'PRIVATE BUSINESS', '17301034108601', '3410 8601 0002 0002', '03333198960', 'Gold', '  H NO 131 DEFENCE OFFICERS COLONY PESHAWAR           ', '1424794622_20150124_212112-1.jpg', 'self', '1215326296', '2015-02-25', '10:13 PM', '01:55 PM', '50', '2', '1', '0', '0', 'MODERATE '),
(93, 'WAHID ALI', 'HAMID ALI', '114/PAK', 'DOCTOR ', '2130301584979', 'N/A', '03469180542', 'Walkin', ' FLATE NO T 1943 STREE NO SALARLAIN MOHALLA AFZAL ABAD OLD BARA ROAD UNVIESITY TOWN PESHAWAR           ', 'DR WAHID ALI .jpg', 'self', '134427497 / 38 BORE ', '2015-02-26', '01:55 PM', '04:57 PM', '150', '3', '1', '1000', '0', 'MODERATE '),
(94, 'ASAD MEHMOOD', 'RASHEED AHMAD SALEH', '9179/DCO PR', 'GOVT JOB.', '1730104280897', 'N/A', '03219008881', 'Walkin', 'HEDER RASHED TOWN DALAZAK ROAD HOUSE NO 1 STREET NO 4 MOHALLAH MADENA COLONY PESHAWAR             ', 'ASAD MEHMOOD.jpg', 'self', '31130435 / TT', '2015-02-26', '04:57 PM', '06:01 PM', '52', '1', '2', '1500', '0', 'INITIAL'),
(95, 'Muhammad Usama Khan', ' Muhammad Nawaz', ' aa 99996564956', 'STUDENT / IQRA UNIVERSITY / ENGINERING', '1730132069621', '3206962100050003', '03469063646', 'Silver', ' House# D19, FG Colony Shami Road. Peshawar                            ', '1424093149_musama.jpg', 'club', '1044601147', '2015-02-26', '05:53 PM', '06:59 PM', '50', '2', '1', '0', '0', 'MODERATE '),
(96, 'TARIQ QADEER', '11111', '1417/DCO PR', 'BANK OFFICER / NATIONBANK / SADDAR ROAD ', '1730109185059', 'N/A', '03439900005', 'Walkin', ' FALCON COMPLEX D-68 THE MAL HOUSE NO 34 STREET NO 4. PESHAWAR CANTT DISTT: PESHAWAR                                         ', '20150224_175400-1.jpg', 'self', '32057 / .32 ', '2015-02-26', '06:24 PM', '07:04 PM', '50', '4', '1', '1000', '0', 'MODERATE '),
(97, 'MUHAMMAD SAAD KHAN', 'MUHAMMAD ARIF', '120002895', 'MANAGER  AHL', '1730151894103', '5189410300020003', '03339055550', 'Silver', 'HOUSE NO 180 STREET 6 SECTOR G-2 PHASE 5 HAYATABAD PESHAWAR                                                       ', 'MUHAMMAD SAAD KHAN', 'self', 'CF 98 / 00426907236', '2015-02-26', '07:01 PM', '11:33 PM', '110', '2', '1', '0', '0', 'MODERATE '),
(98, 'MASOOD AHMAD', 'MIR MUHAMMAD', 'N/A', 'MEDICAL STUDETN ', '1730115448897', '1544 8897 0006 0003', '03329263672', 'Silver', '  BEHIND GULHAJI PLAZA UNIVERSITY ROAD PESHAWAR           ', '1424698508_20150223_175748-1-1.jpg', 'self', '1044601147', '2015-02-26', '07:27 PM', '11:30 PM', '50', '3', '1', '0', '0', 'INITIAL'),
(99, 'MASOOD AHMAD', 'MIR MUHAMMAD', 'N/A', 'MEDICAL STUDETN ', '1730115448897', '1544889700060003', '03329263672', 'Silver', '  BEHIND GULHAJI PLAZA UNIVERSITY ROAD PESHAWAR                             ', '1424698508_20150223_175748-1-1.jpg', 'club', '1044601147', '2015-02-27', '07:26 PM', '08:40 PM', '50', '1', '1', '0', '0', 'INITIAL'),
(100, 'M.ASAD PARACHA', 'M.ASAD PARACHA', 'N/A', 'DOCTOR ', '3710139785163', '3978 5163 0004 0003', '03229168189', 'Silver', 'HOUSE NO 206 STREET NO 14 NEW SHAMI ROAD PESHAWAR                        ', '1423393744_M.ASAD PARACHA .jpg', 'self', '1044601147', '2015-02-27', '07:49 PM', '08:25 PM', '20', '3', '1', '0', '0', ''),
(101, 'MUHAMMAD SAAD KHAN', 'MUHAMMAD ARIF', '120002895', 'MANAGER  AHL', '1730151894103', '5189410300020003', '03339055550', 'Silver', 'HOUSE NO 180 STREET 6 SECTOR G-2 PHASE 5 HAYATABAD PESHAWAR                                                                         ', 'MUHAMMAD SAAD KHAN', 'self', 'CF 98 / 00426907236', '2015-02-27', '08:41 PM', '10:09 PM', '100', '3', '1', '0', '0', 'MODERATE '),
(102, 'HASSAN ZAHIDDIN', ' GHULAM FARID', ' 2628/DCO/PR', 'PRIVATE BUSINESS', '1730136483625', '3648 3625 0003 0001', '03008597769', 'Platinum', ' HOUSE NO 108 STREET NO 11 DEFENCE OFFICERS COLONY PESHAWAR CANTT                        ', '1423243534_20150129_222614-1.jpg', 'self', 'WGD616', '2015-02-27', '09:37 PM', '03:27 PM', '100', '2', '1', '0', '0', 'MODERATE '),
(103, 'MUNAWAR KHAN', 'HEDER ZAMAN KHAN ', 'AA99996532886', 'KHYBER BANK', '1730154497167', 'N/A', '000', 'Walkin', '     HAYATABAD PHASE 6 HOUSE NO 773 STREET NO 21 SECTOR F-9 PESHAWSAR ', 'MUNAWAR KHAN .jpg', 'self', '0816347', '2015-02-28', '03:02 PM', '04:22 PM', '', '3', '2', '1500', '0', 'INITIAL'),
(104, 'TARIQ QADEER', 'ABDUL QADEER KHAN ', '1417/DCO PR', 'BANK OFFICER / NATIONBANK / SADDAR ROAD ', '1730109185059', 'N/A', '03439900005', 'Walkin', ' FALCON COMPLEX D-68 THE MAL HOUSE NO 34 STREET NO 4. PESHAWAR CANTT DISTT: PESHAWAR                                               ', '20150224_175400-1.jpg', 'self', '32057 / .32 ', '2015-02-28', '04:22 PM', '05:21 PM', '100', '4', '1', '1000', '0', 'MODERATE '),
(105, 'SYED TAUQEER HAIDER SHAH', 'SYED AKHTAR HUSSAIND SHAH', '9711/DC PR', 'PRIVATE BUSINESS', '1730109748453', 'N/A', '03149054475', 'Walkin', '      NEAR KHYBER GRAIMER SCHOOL WARSAK ROAD PESHAWAR       ', 'SYED TAUQEER .jpg', 'self', '4211 F MADE ', '2015-02-28', '05:21 PM', '05:41 PM', '20', '3', '2', '1500', '0', 'INITIAL'),
(106, 'SYED IFTIKHAR AHMED', 'SYED AZIZ AHMAD ', '4577/dco/pr', 'PRIVATE BUSINESS', '1620209848451', '0984845100060001', '03219003777', 'Platinum', '      house no 199 street no 9 sector h 1 phase 2 hayatabad peshawar                                           ', '1423061411_SYED IFTIKHAR AHMAD .jpg', 'self', 'cwp 355', '2015-02-28', '05:26 PM', '05:48 PM', '100', '2', '1', '0', '0', 'MODERATE '),
(107, 'HADERE ALI KHAN ', 'MUKHTIYAR AHMAD KHAN ', 'N/A', 'RETIRED MAJOR', '1730150743731', 'N/A', '03219105279', 'Walkin', 'HOUSE NO 7 STREET NO 12 DEFENSE COLONY PESHAWAR                               ', '1425128617_HAIDER ALI KHAN .jpg', 'club', '1044601147', '2015-02-28', '06:03 PM', '07:04 PM', '50', '3', '1', '1500', '0', 'MODERATE '),
(108, 'ASAD MEHMOOD', 'RASHEED AHMAD SALEH', '9179/DCO PR', 'GOVT JOB.', '1730104280897', 'N/A', '03219008881', 'Walkin', 'HEDER RASHED TOWN DALAZAK ROAD HOUSE NO 1 STREET NO 4 MOHALLAH MADENA COLONY PESHAWAR                         ', 'ASAD MEHMOOD.jpg', 'self', '31130435 / TT', '2015-02-28', '07:21 PM', '08:21 PM', '52', '3', '3', '2000', '0', 'INITIAL'),
(109, 'MUHAMMAD SAAD KHAN', 'MUHAMMAD ARIF', '120002895', 'MANAGER  AHL', '1730151894103', '5189410300020003', '03339055550', 'Silver', 'HOUSE NO 180 STREET 6 SECTOR G-2 PHASE 5 HAYATABAD PESHAWAR                                                                               ', 'MUHAMMAD SAAD KHAN', 'self', 'CF 98 / 00426907236', '2015-02-28', '07:57 PM', '08:37 PM', '100', '5', '1', '0', '0', 'MODERATE '),
(110, 'DR.SYED ABBAS', ' SYED MUHAMMAD ABBAS', '4016/DC PR', 'DOCTOR ', '1730129926849', '0221 3173 0003 0002', '03323683290', 'Gold', '  HOUSE NO 2 BAITUL NOOR REHATABAD STREET NO 10 PESHAWAR                 ', 'DR SYED ASAD ABBAS.jpg', 'self', 'CF 42 / 00517913', '2015-02-28', '08:04 PM', '08:40 PM', '50', '2', '1', '0', '0', 'INITIAL'),
(111, 'MUBASHIR PERVEZ KEEN', 'PERVEZ MUZAMMIL KEEN', 'AA-99993108753', 'KEEN SONS, / PRIVATE BUSINESS', '1730115845543', '1584-5543-0002-0001', '03008599962', 'Platinum', 'HOUSE NO 129 STREET 2 SECTOR J 2 PHASE 2 HAYATABAD PESHAWAR                                     ', 'MUBASHIR PERVEEZ KEEN', 'self', 'GLOCK 19 / VTGY 636.', '2015-03-01', '02:05 PM', '03:32 PM', '200', '2', '1', '0', '0', 'MODERATE '),
(112, 'M.ASAD PARACHA', 'M.ASAD PARACHA', 'N/A', 'DOCTOR ', '3710139785163', '3978 5163 0004 0003', '03229168189', 'Silver', 'HOUSE NO 206 STREET NO 14 NEW SHAMI ROAD PESHAWAR                                    ', '1423393744_M.ASAD PARACHA .jpg', 'self', '1044601147', '2015-03-01', '02:56 PM', '03:32 PM', '20', '3', '2', '0', '0', ''),
(113, 'SYED FARHAN ULLAH SHAH', 'SYED ROHULLAH SHAH', '6098/DCO PR ', 'PRIVATE BUSINESS', '1730148138551', 'N/A', '03459666646', 'Walkin', 'HOUSE NO 6427 BNORI STREET PESHAWAR       ', 'SYED FARHAN ULLAH SHAH.jpg', 'self', 'TBW 79484', '2015-03-01', '03:53 PM', '04:02 PM', '50', '3', '2', '2000', '0', 'MODERATE '),
(114, 'SYED IFTIKHAR AHMED', 'SYED AZIZ AHMAD ', '4577/dco/pr', 'PRIVATE BUSINESS', '1620209848451', '0984845100060001', '03219003777', 'Platinum', '      house no 199 street no 9 sector h 1 phase 2 hayatabad peshawar                                                 ', '1423061411_SYED IFTIKHAR AHMAD .jpg', 'self', 'cwp 355', '2015-03-01', '08:07 PM', '08:51 PM', '100', '3', '1', '0', '0', 'MODERATE '),
(115, 'MUHAMMAD TAHIR KHAN DURRANI', 'MUHAMMAD YOUNAS KHAN DURRANI', '1-2-0003226', 'PRIVATE BUSINESS', '1730122689717', 'N/A', '03439065640', 'Walkin', 'HOUSE NO 2055/C KOCHA NASIR KHAN CHAWK       ', 'MUHAMMAD TAHIR KHAN DURRANI .jpg', 'self', 'T062014H00095', '2015-03-01', '08:36 PM', '08:51 PM', '60', '1', '1', '1500', '0', 'INITIAL'),
(116, 'HASSAN ZAHIDDIN', ' GHULAM FARID', ' 2628/DCO/PR', 'PRIVATE BUSINESS', '1730136483625', '3648 3625 0003 0001', '03008597769', 'Platinum', ' HOUSE NO 108 STREET NO 11 DEFENCE OFFICERS COLONY PESHAWAR CANTT                              ', '1423243534_20150129_222614-1.jpg', 'self', 'WGD616', '2015-03-01', '08:52 PM', '09:01 PM', '50', '3', '1', '0', '0', 'MODERATE '),
(117, 'ARBAB MUHAMMAD FAHAD', ' ARBAB WAHEED ALAM', ' 10088 /DCO /PR', 'STUDENT ', '1730148969091', '4896909100030003', '03219115843', 'Silver', 'VILLAGE AND PO LANDI ARBAB TEHSIL & DISTRICT PESHAWAR                 ', '1423138274_20150123_165701.jpg', 'self', '1044601147', '2015-03-02', '04:27 PM', '05:39 PM', '50', '2', '2', '0', '0', 'MODERATE '),
(118, 'DILDAR KHAN ', 'NISAR AHMAD', 'PROVISIONAL LICENCE ', 'STUDENT ', '1610131525905', 'N/A', '0000000', 'Silver', ' HOUSE NO 32 STREE NO 6 SECTER G/3 HAYABT ABAD PESHAWAR            ', '20150131_172410-1.jpg', 'self', 'B407754', '2015-03-13', '10:57 AM', '', '35', '3', '1', '1500', '0', 'yes'),
(119, 'ASAD REHMAN ', 'ATTA UR REHMAN ', 'AB 99999241800', 'WORK IN BANK ALFALAH', '1730114560847', 'N/A', '0321959200', 'Gold', '      WARSAK ROAD MUHALLA IRSHAD ABAD      ', '20150131_131344-1.jpg', 'self', 'TAW43919', '2015-03-13', '10:58 AM', '', '30', '4', '1', '1000', '0', 'no'),
(120, 'DILDAR KHAN ', 'NISAR AHMAD', 'PROVISIONAL LICENCE ', 'STUDENT ', '1610131525905', 'N/A', '0000000', 'Silver', ' HOUSE NO 32 STREE NO 6 SECTER G/3 HAYABT ABAD PESHAWAR                  ', '20150131_172410-1.jpg', 'self', 'B407754', '2015-03-13', '12:24 PM', '12:27 PM', '35', '5', '1', '1500', '0', 'yes'),
(121, 'ABDULLAH HAFEEZ KHAN ', 'ABDUHAFEEZ KHAN ', '292992', 'EMPLOYEE IN PIC ', '3740502659049', 'N/A', '03215366506', 'Walkin', '      HOLUSE NO 1 MUHALLAD MUMTAZ COLONY ADIYALA ROAD RAWALPINDI                                           ', '20150131_194022-1.jpg', 'self', 'STOGER ', '2015-03-13', '03:11 PM', '11:20 AM', '30', '6', '2', '1000', '0', ''),
(122, 'MUHAMMAD SAAD KHAN', 'MUHAMMAD ARIF', '120002895', 'MANAGER  AHL', '1730151894103', '5189410300020003', '03339055550', 'Silver', 'HOUSE NO 180 STREET 6 SECTOR G-2 PHASE 5 HAYATABAD PESHAWAR                                                                                           ', 'MUHAMMAD SAAD KHAN', 'self', 'CF 98 / 00426907236', '2015-03-21', '03:16 PM', '', '100', '1', '1', '0', '0', 'MODERATE '),
(123, 'ARBAB MUHAMMAD FAHAD', ' ARBAB WAHEED ALAM', ' 10088 /DCO /PR', 'STUDENT ', '1730148969091', '4896909100030003', '03219115843', 'Silver', 'VILLAGE AND PO LANDI ARBAB TEHSIL & DISTRICT PESHAWAR                       ', '1423138274_20150123_165701.jpg', 'self', '1044601147', '2015-03-25', '05:41 PM', '11:59 AM', '50', '2', '1', '0', '0', 'MODERATE '),
(124, 'ARBAB MUHAMMAD FAHAD', ' ARBAB WAHEED ALAM', ' 10088 /DCO /PR', 'STUDENT ', '1730148969091', '4896909100030003', '03219115843', 'Silver', 'VILLAGE AND PO LANDI ARBAB TEHSIL & DISTRICT PESHAWAR                             ', '1423138274_20150123_165701.jpg', 'self', '1044601147', '2015-03-26', '12:03 PM', '04:14 PM', '50', '2', '1', '0', '0', 'MODERATE '),
(125, 'ARBAB MUHAMMAD FAHAD', ' ARBAB WAHEED ALAM', ' 10088 /DCO /PR', 'STUDENT ', '1730148969091', '4896909100030003', '03219115843', 'Silver', 'VILLAGE AND PO LANDI ARBAB TEHSIL & DISTRICT PESHAWAR                                   ', '1423138274_20150123_165701.jpg', 'self', '1044601147', '2015-03-26', '04:15 PM', '', '50', '2', '1', '0', '0', 'MODERATE '),
(126, 'ABDULLAH HAFEEZ KHAN ', 'ABDUHAFEEZ KHAN ', '292992', 'EMPLOYEE IN PIC ', '3740502659049', 'N/A', '03215366506', 'Walkin', '      HOLUSE NO 1 MUHALLAD MUMTAZ COLONY ADIYALA ROAD RAWALPINDI                                                 ', '20150131_194022-1.jpg', 'self', 'STOGER ', '2015-03-27', '11:21 AM', '', '30', '6', '1', '1000', '0', ''),
(127, 'DILDAR KHAN ', 'NISAR AHMAD', 'PROVISIONAL LICENCE ', 'STUDENT ', '1610131525905', 'N/A', '0000000', 'Silver', ' HOUSE NO 32 STREE NO 6 SECTER G/3 HAYABT ABAD PESHAWAR                              ', '20150131_172410-1.jpg', 'self', 'B407754', '2015-04-04', '11:30 AM', '11:30 AM', '35', '5', '1', '2000', '0', 'yes');

-- --------------------------------------------------------

--
-- Table structure for table `emergency_details`
--

CREATE TABLE IF NOT EXISTS `emergency_details` (
  `e_id` int(11) NOT NULL AUTO_INCREMENT,
  `ename` varchar(255) NOT NULL,
  `ecnic` varchar(255) NOT NULL,
  `emobile` varchar(255) NOT NULL,
  `eservices` varchar(255) NOT NULL,
  `eaddress` varchar(255) NOT NULL,
  `M_id` int(11) NOT NULL,
  PRIMARY KEY (`e_id`)
) ENGINE=InnoDB  DEFAULT CHARSET=latin1 AUTO_INCREMENT=18 ;

--
-- Dumping data for table `emergency_details`
--

INSERT INTO `emergency_details` (`e_id`, `ename`, `ecnic`, `emobile`, `eservices`, `eaddress`, `M_id`) VALUES
(1, 'ALI HAMZA KHAN ', 'N/A', '031199997970', 'PVT JOB', 'AS ABOVE', 1),
(2, 'GHULAM MUHUIDDIN ', '', '03005941002', '', 'HOUSE NO 108 STREET NO 11 DEFENCE COLONY PESHAWAR CANTT', 2),
(3, 'ARBAB WAHEED JAN', '', '03009355058', '', 'VILL & PO LANDI ARBAB PESHAWAR ', 3),
(4, 'FARHAT P[ARACHA', '', '03332137925', '', 'H NO 79, DEFENCE OFFICER COLONY PESHAWAR ', 4),
(5, 'MUDDASSIR PERVEZ KEEN', '', '03008599956', '-', 'H NO 129 ST NO 2 SECTOR J-2 HAYATABAD PESHAWAR', 5),
(6, 'MUHAMMAD ARIF KHAN ', '', '03339105560', '', 'H NO 180 STREET NO 6 SECTOR NO C-2 PHASE 5 HAYATABAD PESHAWAR ', 6),
(7, 'SYED MUHAMMAD ABDULLAH', '-', '03215514261', '-', 'H NO 174 SECTOR E 2 STREET 7 PHASE 1 HAYATABAD PESHAWAR ', 7),
(8, 'BAQIR SHAH', '', '03215888811', 'TAYYAB MOTORS', 'TAYYAB MOTORS UNIVERSITY ROAD PESHAWAR', 8),
(9, 'ABDUL KARIM ', 'N/A', '0915829338', 'N/Z', 'AS ABOVE ', 9),
(10, 'HAJI MUHAMMAD ', '00', '03018944720', '', 'AS ABOVE', 10),
(11, 'ABDUL SAMAD', '', '03219008521', 'LAND LORD', 'AS ABOVE', 11),
(12, 'ABDULLAH AHMAD ', '111', '0346197636', '11', 'HOUSE NO 12 A MULBERY ROAD UNIVERSITY TOWN PESHAWAR ', 12),
(13, 'M.TAHA', '1730144925067', '03469000649', 'PRIVATE BUSINESS', 'AS ABOVE', 13),
(14, '', '', '', '', '', 14),
(15, 'SYED IFTIKHAR AHMED', ' 1620209848451', '03219003777', 'LAND LORD', 'HOUSE NO.199, STREET NO 9 SACTOR H-1 PHASE 2 HAYATABAD', 15),
(16, 'SYED MOHAMMAD ABBAS', '1730102213173', '03369593170', 'DOCTOR', 'AS ABOVE ', 16),
(17, 'SYED KHALID RAZA', '1540255153977', '03468383750', 'DOCTOR', 'AS ABOVE ', 17);

-- --------------------------------------------------------

--
-- Table structure for table `logs`
--

CREATE TABLE IF NOT EXISTS `logs` (
  `log_id` int(11) NOT NULL AUTO_INCREMENT,
  `startdatetime` varchar(255) NOT NULL,
  `u_id` int(11) NOT NULL,
  `Activity` varchar(255) NOT NULL,
  `Reg_NO` int(11) NOT NULL,
  PRIMARY KEY (`log_id`)
) ENGINE=InnoDB  DEFAULT CHARSET=latin1 AUTO_INCREMENT=345 ;

--
-- Dumping data for table `logs`
--

INSERT INTO `logs` (`log_id`, `startdatetime`, `u_id`, `Activity`, `Reg_NO`) VALUES
(1, '2015-01-30 05:49 PM', 2, 'Login', 0),
(2, '2015-01-30 05:49 PM', 2, 'Logout', 0),
(3, '2015-01-30 06:36 PM', 2, 'Login', 0),
(4, '2015-01-31 01:27 PM', 2, 'Login', 0),
(5, '2015-01-31 04:15 PM', 2, 'Logout', 0),
(6, '2015-01-31 04:32 PM', 2, 'Login', 0),
(7, '2015-01-31 04:32 PM', 2, 'Logout', 0),
(8, '2015-01-31 04:43 PM', 2, 'Login', 0),
(9, '2015-01-31 05:39 PM', 2, 'Checkin', 1),
(10, '2015-01-31 06:33 PM', 2, 'Checkin', 2),
(11, '2015-01-31 06:34 PM', 2, 'Billinfo', 1),
(12, '2015-01-31 06:34 PM', 2, 'Billinfo', 1),
(13, '2015-01-31 07:18 PM', 2, 'Checkin', 3),
(14, '2015-01-31 07:59 PM', 2, 'Checkin', 4),
(15, '2015-01-31 08:27 PM', 2, 'Checkin', 5),
(16, '2015-01-31 08:34 PM', 2, 'Checkin', 6),
(17, '2015-02-01 12:29 PM', 2, 'Login', 0),
(18, '2015-02-01 12:38 PM', 2, 'Checkin', 7),
(19, '2015-02-01 03:39 PM', 2, 'Checkin', 8),
(20, '2015-02-01 07:45 PM', 2, 'Checkin', 9),
(21, '2015-02-01 07:46 PM', 2, 'Checkin', 10),
(22, '2015-02-01 08:59 PM', 2, 'Login', 0),
(23, '2015-02-02 08:25 PM', 2, 'Checkin', 11),
(24, '2015-02-02 09:04 PM', 2, 'Checkin', 12),
(25, '2015-02-02 09:07 PM', 2, 'Checkin', 13),
(26, '2015-02-02 09:44 PM', 2, 'Billinfo', 11),
(27, '2015-02-02 09:44 PM', 2, 'Billinfo', 11),
(28, '2015-02-02 09:46 PM', 2, 'Billinfo', 11),
(29, '2015-02-02 09:47 PM', 2, 'Billinfo', 11),
(30, '2015-02-02 09:47 PM', 2, 'Billinfo', 11),
(31, '2015-02-02 09:48 PM', 2, 'Login', 0),
(32, '2015-02-02 10:40 PM', 2, 'Billinfo', 12),
(33, '2015-02-02 10:40 PM', 2, 'Billinfo', 12),
(34, '2015-02-02 10:41 PM', 2, 'Billinfo', 12),
(35, '2015-02-02 10:41 PM', 2, 'Billinfo', 13),
(36, '2015-02-02 10:41 PM', 2, 'Billinfo', 13),
(37, '2015-02-02 10:42 PM', 2, 'Billinfo', 11),
(38, '2015-02-02 10:46 PM', 2, 'Billinfo', 11),
(39, '2015-02-02 10:51 PM', 2, 'Billinfo', 11),
(40, '2015-02-02 10:51 PM', 2, 'Billinfo', 11),
(41, '2015-02-02 10:59 PM', 2, 'Login', 0),
(42, '2015-02-03 10:46 AM', 2, 'Login', 0),
(43, '2015-02-03 10:48 AM', 2, 'Billinfo', 11),
(44, '2015-02-03 10:48 AM', 2, 'Billinfo', 11),
(45, '2015-02-03 01:58 PM', 2, 'Login', 0),
(46, '2015-02-03 02:05 PM', 2, 'Login', 0),
(47, '2015-02-03 04:32 PM', 2, 'Logout', 0),
(48, '2015-02-03 04:47 PM', 2, 'Login', 0),
(49, '2015-02-03 04:49 PM', 2, 'Logout', 0),
(50, '2015-02-03 04:49 PM', 2, 'Login', 0),
(51, '2015-02-03 05:21 PM', 2, 'Login', 0),
(52, '2015-02-03 09:38 PM', 2, 'Checkin', 14),
(53, '2015-02-03 09:38 PM', 2, 'Billinfo', 14),
(54, '2015-02-03 09:38 PM', 2, 'Billinfo', 14),
(55, '2015-02-04 03:17 PM', 2, 'Login', 0),
(56, '2015-02-04 06:05 PM', 2, 'Checkin', 15),
(57, '2015-02-04 07:50 PM', 2, 'Checkin', 16),
(58, '2015-02-04 09:47 PM', 2, 'Login', 0),
(59, '2015-02-04 10:01 PM', 2, 'Checkin', 17),
(60, '2015-02-05 11:46 AM', 2, 'Login', 0),
(61, '2015-02-05 11:54 AM', 2, 'Login', 0),
(62, '2015-02-05 11:58 AM', 2, 'Login', 0),
(63, '2015-02-05 05:11 PM', 2, 'Checkin', 18),
(64, '2015-02-05 10:13 PM', 2, 'Login', 0),
(65, '2015-02-05 10:21 PM', 2, 'Login', 0),
(66, '2015-02-05 10:32 PM', 2, 'Login', 0),
(67, '2015-02-06 03:37 PM', 2, 'Login', 0),
(68, '2015-02-06 03:38 PM', 2, 'Logout', 0),
(69, '2015-02-06 03:38 PM', 2, 'Login', 0),
(70, '2015-02-06 03:38 PM', 2, 'Logout', 0),
(71, '2015-02-06 03:39 PM', 3, 'Login', 0),
(72, '2015-02-06 03:41 PM', 3, 'Logout', 0),
(73, '2015-02-06 03:42 PM', 2, 'Login', 0),
(74, '2015-02-06 05:02 PM', 2, 'Checkin', 19),
(75, '2015-02-06 07:39 PM', 2, 'Checkin', 20),
(76, '2015-02-06 08:54 PM', 2, 'Checkin', 21),
(77, '2015-02-06 10:25 PM', 2, 'Checkin', 22),
(78, '2015-02-06 10:51 PM', 2, 'Logout', 0),
(79, '2015-02-07 03:11 PM', 2, 'Login', 0),
(80, '2015-02-07 03:20 PM', 2, 'Logout', 0),
(81, '2015-02-07 03:21 PM', 2, 'Login', 0),
(82, '2015-02-07 03:21 PM', 2, 'Logout', 0),
(83, '2015-02-07 03:21 PM', 2, 'Login', 0),
(84, '2015-02-07 03:22 PM', 3, 'Login', 0),
(85, '2015-02-07 03:26 PM', 3, 'Logout', 0),
(86, '2015-02-07 03:26 PM', 1, 'Login', 0),
(87, '2015-02-07 06:23 PM', 1, 'Login', 0),
(88, '2015-02-07 06:29 PM', 1, 'Checkin', 23),
(89, '2015-02-07 06:42 PM', 2, 'Login', 0),
(90, '2015-02-07 06:45 PM', 2, 'Login', 0),
(91, '2015-02-07 09:09 PM', 1, 'Login', 0),
(92, '2015-02-08 02:23 PM', 2, 'Login', 0),
(93, '2015-02-08 02:27 PM', 2, 'Checkin', 24),
(94, '2015-02-08 04:09 PM', 2, 'Checkin', 25),
(95, '2015-02-08 04:09 PM', 2, 'Checkin', 26),
(96, '2015-02-08 04:47 PM', 1, 'Login', 0),
(97, '2015-02-08 05:44 PM', 1, 'Checkin', 27),
(98, '2015-02-08 06:22 PM', 1, 'Checkin', 28),
(99, '2015-02-08 06:50 PM', 2, 'Login', 0),
(100, '2015-02-08 06:53 PM', 2, 'Login', 0),
(101, '2015-02-08 09:43 PM', 2, 'Checkin', 29),
(102, '2015-02-09 02:09 PM', 2, 'Login', 0),
(103, '2015-02-09 02:21 PM', 2, 'Login', 0),
(104, '2015-02-09 02:37 PM', 2, 'Login', 0),
(105, '2015-02-09 02:42 PM', 2, 'Checkin', 30),
(106, '2015-02-09 07:20 PM', 2, 'Checkin', 31),
(107, '2015-02-10 02:24 PM', 2, 'Login', 0),
(108, '2015-02-10 06:31 PM', 2, 'Checkin', 32),
(109, '2015-02-10 08:49 PM', 2, 'Checkin', 33),
(110, '2015-02-11 03:52 PM', 2, 'Checkin', 34),
(111, '2015-02-12 11:25 AM', 2, 'Login', 0),
(112, '2015-02-12 03:07 PM', 2, 'Login', 0),
(113, '2015-02-12 03:23 PM', 2, 'Checkin', 35),
(114, '2015-02-12 04:11 PM', 2, 'Checkin', 36),
(115, '2015-02-12 04:56 PM', 2, 'Login', 0),
(116, '2015-02-12 05:46 PM', 2, 'Login', 0),
(117, '2015-02-12 06:26 PM', 2, 'Checkin', 37),
(118, '2015-02-12 07:33 PM', 2, 'Checkin', 38),
(119, '2015-02-12 08:01 PM', 2, 'Checkin', 39),
(120, '2015-02-12 09:31 PM', 2, 'Checkin', 40),
(121, '2015-02-12 09:34 PM', 2, 'Login', 0),
(122, '2015-02-13 12:40 PM', 2, 'Login', 0),
(123, '2015-02-13 12:48 PM', 2, 'Checkin', 41),
(124, '2015-02-13 01:29 PM', 2, 'Checkin', 42),
(125, '2015-02-13 03:24 PM', 2, 'Login', 0),
(126, '2015-02-13 05:33 PM', 2, 'Login', 0),
(127, '2015-02-13 05:44 PM', 2, 'Login', 0),
(128, '2015-02-13 05:47 PM', 2, 'Login', 0),
(129, '2015-02-13 05:52 PM', 2, 'Logout', 0),
(130, '2015-02-13 05:53 PM', 1, 'Login', 0),
(131, '2015-02-13 05:59 PM', 2, 'Login', 0),
(132, '2015-02-13 06:26 PM', 2, 'Login', 0),
(133, '2015-02-13 06:51 PM', 2, 'Login', 0),
(134, '2015-02-13 07:03 PM', 2, 'Login', 0),
(135, '2015-02-13 07:04 PM', 2, 'Checkin', 43),
(136, '2015-02-13 07:37 PM', 2, 'Login', 0),
(137, '2015-02-13 08:10 PM', 2, 'Login', 0),
(138, '2015-02-13 08:29 PM', 1, 'Login', 0),
(139, '2015-02-13 08:38 PM', 1, 'Checkin', 44),
(140, '2015-02-13 09:28 PM', 1, 'Checkin', 45),
(141, '2015-02-13 09:47 PM', 2, 'Login', 0),
(142, '2015-02-14 01:37 PM', 2, 'Login', 0),
(143, '2015-02-14 01:57 PM', 2, 'Checkin', 46),
(144, '2015-02-14 02:13 PM', 2, 'Checkin', 47),
(145, '2015-02-14 02:16 PM', 2, 'Checkin', 48),
(146, '2015-02-14 05:37 PM', 2, 'Checkin', 49),
(147, '2015-02-14 05:52 PM', 2, 'Login', 0),
(148, '2015-02-14 06:00 PM', 2, 'Login', 0),
(149, '2015-02-14 06:04 PM', 2, 'Checkin', 50),
(150, '2015-02-14 06:26 PM', 2, 'Login', 0),
(151, '2015-02-14 06:37 PM', 2, 'Checkin', 51),
(152, '2015-02-14 06:43 PM', 2, 'Checkin', 52),
(153, '2015-02-14 07:02 PM', 2, 'Login', 0),
(154, '2015-02-14 07:59 PM', 2, 'Checkin', 53),
(155, '2015-02-14 08:00 PM', 2, 'Login', 0),
(156, '2015-02-14 08:02 PM', 2, 'Login', 0),
(157, '2015-02-14 08:03 PM', 2, 'Login', 0),
(158, '2015-02-15 02:33 PM', 2, 'Checkin', 54),
(159, '2015-02-15 05:23 PM', 2, 'Checkin', 55),
(160, '2015-02-15 09:12 PM', 2, 'Checkin', 56),
(161, '2015-02-16 02:38 PM', 2, 'Login', 0),
(162, '2015-02-16 06:25 PM', 2, 'Checkin', 57),
(163, '2015-02-16 08:16 PM', 2, 'Checkin', 58),
(164, '2015-02-16 09:28 PM', 2, 'Login', 0),
(165, '2015-02-17 02:23 PM', 2, 'Login', 0),
(166, '2015-02-17 02:23 PM', 2, 'Login', 0),
(167, '2015-02-17 05:32 PM', 2, 'Login', 0),
(168, '2015-02-17 07:38 PM', 2, 'Checkin', 59),
(169, '2015-02-17 07:42 PM', 2, 'Checkin', 60),
(170, '2015-02-17 07:43 PM', 2, 'Checkin', 61),
(171, '2015-02-17 07:56 PM', 2, 'Checkin', 62),
(172, '2015-02-18 11:37 AM', 2, 'Login', 0),
(173, '2015-02-18 11:37 AM', 2, 'Login', 0),
(174, '2015-02-18 07:10 PM', 2, 'Checkin', 63),
(175, '2015-02-18 07:13 PM', 2, 'Login', 0),
(176, '2015-02-18 07:20 PM', 2, 'Checkin', 64),
(177, '2015-02-18 10:18 PM', 2, 'Login', 0),
(178, '2015-02-19 06:38 PM', 2, 'Login', 0),
(179, '2015-02-19 07:12 PM', 2, 'Checkin', 65),
(180, '2015-02-19 07:28 PM', 2, 'Checkin', 66),
(181, '2015-02-19 09:16 PM', 2, 'Checkin', 67),
(182, '2015-02-19 11:07 PM', 2, 'Checkin', 68),
(183, '2015-02-20 07:33 PM', 2, 'Login', 0),
(184, '2015-02-20 07:53 PM', 2, 'Checkin', 69),
(185, '2015-02-20 08:27 PM', 2, 'Checkin', 70),
(186, '2015-02-20 08:27 PM', 2, 'Checkin', 71),
(187, '2015-02-21 01:14 PM', 2, 'Login', 0),
(188, '2015-02-21 05:07 PM', 2, 'Login', 0),
(189, '2015-02-21 07:23 PM', 2, 'Checkin', 72),
(190, '2015-02-22 03:23 PM', 2, 'Login', 0),
(191, '2015-02-22 04:51 PM', 2, 'Login', 0),
(192, '2015-02-22 04:53 PM', 2, 'Checkin', 73),
(193, '2015-02-22 06:40 PM', 2, 'Checkin', 74),
(194, '2015-02-22 07:17 PM', 2, 'Checkin', 75),
(195, '2015-02-22 07:40 PM', 2, 'Checkin', 76),
(196, '2015-02-22 08:16 PM', 2, 'Checkin', 77),
(197, '2015-02-22 09:17 PM', 2, 'Checkin', 78),
(198, '2015-02-22 09:27 PM', 2, 'Checkin', 78),
(199, '2015-02-22 09:42 PM', 2, 'Checkin', 80),
(200, '2015-02-23 06:35 PM', 2, 'Checkin', 81),
(201, '2015-02-24 03:27 PM', 2, 'Login', 0),
(202, '2015-02-24 05:47 PM', 2, 'Checkin', 82),
(203, '2015-02-24 06:05 PM', 2, 'Checkin', 83),
(204, '2015-02-24 06:44 PM', 2, 'Checkin', 84),
(205, '2015-02-24 07:41 PM', 2, 'Checkin', 85),
(206, '2015-02-24 08:42 PM', 2, 'Checkin', 86),
(207, '2015-02-24 09:17 PM', 2, 'Checkin', 87),
(208, '2015-02-24 10:27 PM', 2, 'Login', 0),
(209, '2015-02-25 04:05 PM', 2, 'Login', 0),
(210, '2015-02-25 04:15 PM', 2, 'Checkin', 88),
(211, '2015-02-25 08:21 PM', 2, 'Checkin', 89),
(212, '2015-02-25 08:38 PM', 2, 'Checkin', 90),
(213, '2015-02-25 09:13 PM', 1, 'Login', 0),
(214, '2015-02-25 09:13 PM', 2, 'Login', 0),
(215, '2015-02-25 10:11 PM', 2, 'Checkin', 91),
(216, '2015-02-25 10:13 PM', 2, 'Checkin', 92),
(217, '2015-02-25 11:00 PM', 2, 'Login', 0),
(218, '2015-02-26 01:49 PM', 1, 'Login', 0),
(219, '2015-02-26 01:55 PM', 1, 'Checkin', 93),
(220, '2015-02-26 04:57 PM', 1, 'Checkin', 94),
(221, '2015-02-26 05:27 PM', 2, 'Login', 0),
(222, '2015-02-26 05:53 PM', 2, 'Checkin', 95),
(223, '2015-02-26 06:24 PM', 2, 'Checkin', 96),
(224, '2015-02-26 07:01 PM', 2, 'Checkin', 97),
(225, '2015-02-26 07:27 PM', 2, 'Checkin', 98),
(226, '2015-02-26 07:49 PM', 2, 'Checkin', 99),
(227, '2015-02-27 03:46 PM', 2, 'Login', 0),
(228, '2015-02-27 07:26 PM', 2, 'Checkin', 99),
(229, '2015-02-27 07:49 PM', 2, 'Checkin', 100),
(230, '2015-02-27 08:41 PM', 2, 'Checkin', 101),
(231, '2015-02-27 09:37 PM', 2, 'Checkin', 102),
(232, '2015-02-27 10:46 PM', 2, 'Login', 0),
(233, '2015-02-28 01:13 PM', 2, 'Login', 0),
(234, '2015-02-28 03:02 PM', 2, 'Checkin', 103),
(235, '2015-02-28 04:22 PM', 2, 'Checkin', 104),
(236, '2015-02-28 05:21 PM', 2, 'Checkin', 105),
(237, '2015-02-28 05:26 PM', 2, 'Checkin', 106),
(238, '2015-02-28 06:03 PM', 2, 'Checkin', 107),
(239, '2015-02-28 07:21 PM', 2, 'Checkin', 108),
(240, '2015-02-28 07:56 PM', 2, 'Login', 0),
(241, '2015-02-28 07:57 PM', 2, 'Checkin', 109),
(242, '2015-02-28 08:00 PM', 2, 'Login', 0),
(243, '2015-02-28 08:04 PM', 2, 'Checkin', 110),
(244, '2015-03-01 01:44 PM', 2, 'Login', 0),
(245, '2015-03-01 02:05 PM', 2, 'Checkin', 111),
(246, '2015-03-01 02:56 PM', 2, 'Checkin', 112),
(247, '2015-03-01 03:53 PM', 2, 'Checkin', 113),
(248, '2015-03-01 05:19 PM', 2, 'Login', 0),
(249, '2015-03-01 08:07 PM', 2, 'Checkin', 114),
(250, '2015-03-01 08:36 PM', 2, 'Checkin', 115),
(251, '2015-03-01 08:52 PM', 2, 'Checkin', 116),
(252, '2015-03-02 04:26 PM', 2, 'Login', 0),
(253, '2015-03-02 04:27 PM', 2, 'Checkin', 117),
(254, '2015-03-03 10:42 AM', 2, 'Login', 0),
(255, '2015-03-03 06:16 PM', 2, 'Logout', 0),
(256, '2015-03-04 12:14 AM', 2, 'Login', 0),
(257, '2015-03-04 02:17 AM', 2, 'Logout', 0),
(258, '2015-03-04 10:50 AM', 2, 'Login', 0),
(259, '2015-03-05 11:01 AM', 2, 'Login', 0),
(260, '2015-03-05 05:38 PM', 2, 'Logout', 0),
(261, '2015-03-07 10:50 AM', 2, 'Login', 0),
(262, '2015-03-07 04:15 PM', 2, 'Logout', 0),
(263, '2015-03-13 10:47 AM', 3, 'Login', 0),
(264, '2015-03-13 10:51 AM', 3, 'Logout', 0),
(265, '2015-03-13 10:51 AM', 1, 'Login', 0),
(266, '2015-03-13 10:57 AM', 1, 'Checkin', 118),
(267, '2015-03-13 10:58 AM', 1, 'Checkin', 119),
(268, '2015-03-13 12:24 PM', 1, 'Checkin', 120),
(269, '2015-03-13 03:11 PM', 1, 'Checkin', 121),
(270, '2015-03-14 10:40 AM', 2, 'Login', 0),
(271, '2015-03-14 11:26 AM', 2, 'Logout', 0),
(272, '2015-03-14 01:34 PM', 2, 'Login', 0),
(273, '2015-03-14 05:48 PM', 2, 'Logout', 0),
(274, '2015-03-14 05:48 PM', 2, 'Logout', 0),
(275, '2015-03-16 11:50 AM', 2, 'Login', 0),
(276, '2015-03-16 05:56 PM', 2, 'Logout', 0),
(277, '2015-03-17 11:03 AM', 2, 'Login', 0),
(278, '2015-03-17 12:00 PM', 2, 'Logout', 0),
(279, '2015-03-17 12:01 PM', 3, 'Login', 0),
(280, '2015-03-17 12:01 PM', 3, 'Logout', 0),
(281, '2015-03-17 12:01 PM', 2, 'Login', 0),
(282, '2015-03-17 01:15 PM', 2, 'Logout', 0),
(283, '2015-03-17 04:19 PM', 2, 'Login', 0),
(284, '2015-03-17 05:54 PM', 2, 'Logout', 0),
(285, '2015-03-21 10:28 AM', 2, 'Login', 0),
(286, '2015-03-21 03:05 PM', 2, 'Login', 0),
(287, '2015-03-21 03:16 PM', 2, 'Checkin', 122),
(288, '2015-03-21 05:10 PM', 2, 'Login', 0),
(289, '2015-03-21 05:42 PM', 2, 'Logout', 0),
(290, '2015-03-23 11:03 AM', 2, 'Login', 0),
(291, '2015-03-23 12:21 PM', 2, 'Login', 0),
(292, '2015-03-23 03:47 PM', 2, 'Logout', 0),
(293, '2015-03-23 04:03 PM', 2, 'Login', 0),
(294, '2015-03-23 04:40 PM', 2, 'Logout', 0),
(295, '2015-03-23 05:00 PM', 2, 'Login', 0),
(296, '2015-03-24 10:43 AM', 2, 'Login', 0),
(297, '2015-03-24 12:18 PM', 2, 'Logout', 0),
(298, '2015-03-24 12:19 PM', 4, 'Login', 0),
(299, '2015-03-24 12:22 PM', 4, 'Logout', 0),
(300, '2015-03-24 12:22 PM', 4, 'Login', 0),
(301, '2015-03-24 12:24 PM', 4, 'Logout', 0),
(302, '2015-03-24 12:24 PM', 3, 'Login', 0),
(303, '2015-03-24 12:25 PM', 3, 'Login', 0),
(304, '2015-03-24 12:27 PM', 3, 'Logout', 0),
(305, '2015-03-24 12:27 PM', 4, 'Login', 0),
(306, '2015-03-24 02:47 PM', 4, 'Logout', 0),
(307, '2015-03-24 05:28 PM', 2, 'Login', 0),
(308, '2015-03-24 05:58 PM', 2, 'Logout', 0),
(309, '2015-03-25 10:45 AM', 2, 'Login', 0),
(310, '2015-03-25 01:25 PM', 2, 'Logout', 0),
(311, '2015-03-25 01:25 PM', 2, 'Login', 0),
(312, '2015-03-25 05:41 PM', 2, 'Checkin', 123),
(313, '2015-03-25 05:53 PM', 2, 'Logout', 0),
(314, '2015-03-26 10:47 AM', 2, 'Login', 0),
(315, '2015-03-26 12:03 PM', 2, 'Checkin', 124),
(316, '2015-03-26 04:15 PM', 2, 'Checkin', 125),
(317, '2015-03-26 05:12 PM', 2, 'Logout', 0),
(318, '2015-03-27 10:23 AM', 2, 'Login', 0),
(319, '2015-03-27 11:21 AM', 2, 'Checkin', 126),
(320, '2015-03-27 11:23 AM', 2, 'Logout', 0),
(321, '2015-03-27 11:24 AM', 4, 'Login', 0),
(322, '2015-03-27 11:25 AM', 4, 'Logout', 0),
(323, '2015-03-27 11:26 AM', 2, 'Login', 0),
(324, '2015-03-27 11:37 AM', 2, 'Logout', 0),
(325, '2015-03-27 11:47 AM', 2, 'Login', 0),
(326, '2015-03-27 12:06 PM', 2, 'Logout', 0),
(327, '2015-03-28 11:58 AM', 2, 'Login', 0),
(328, '2015-03-30 02:37 PM', 2, 'Login', 0),
(329, '2015-03-30 03:21 PM', 2, 'Logout', 0),
(330, '2015-03-30 03:22 PM', 2, 'Login', 0),
(331, '2015-03-30 05:50 PM', 2, 'Logout', 0),
(332, '2015-03-31 10:59 AM', 2, 'Login', 0),
(333, '2015-04-02 10:43 AM', 2, 'Login', 0),
(334, '2015-04-02 06:04 PM', 2, 'Logout', 0),
(335, '2015-04-03 10:32 AM', 2, 'Login', 0),
(336, '2015-04-03 12:23 PM', 2, 'Login', 0),
(337, '2015-04-04 11:25 AM', 2, 'Login', 0),
(338, '2015-04-04 11:30 AM', 2, 'Checkin', 127),
(339, '2015-04-04 12:20 PM', 2, 'Logout', 0),
(340, '2015-04-04 12:45 PM', 2, 'Login', 0),
(341, '2015-04-04 05:30 PM', 2, 'Logout', 0),
(342, '2015-04-06 11:00 AM', 2, 'Login', 0),
(343, '2015-04-07 10:55 AM', 2, 'Login', 0),
(344, '2015-04-07 05:50 PM', 2, 'Logout', 0);

-- --------------------------------------------------------

--
-- Table structure for table `membership`
--

CREATE TABLE IF NOT EXISTS `membership` (
  `M_id` int(11) NOT NULL AUTO_INCREMENT,
  `Name` varchar(255) NOT NULL,
  `fname` varchar(255) NOT NULL,
  `date_birth` varchar(255) NOT NULL,
  `Cnic` varchar(255) NOT NULL,
  `Mobile` varchar(255) NOT NULL,
  `Address` varchar(255) NOT NULL,
  `mservice` varchar(255) NOT NULL,
  `Picture` varchar(255) NOT NULL,
  `Membership` varchar(255) NOT NULL,
  `CardNo` varchar(255) NOT NULL,
  `Validfrom` varchar(255) NOT NULL,
  `Validto` varchar(255) NOT NULL,
  `Licenseno` varchar(255) NOT NULL,
  `Refname` varchar(255) NOT NULL,
  `Refcnic` varchar(255) NOT NULL,
  `Refmobile` varchar(255) NOT NULL,
  `Service` varchar(255) NOT NULL,
  `Refaddress` varchar(255) NOT NULL,
  `schedule` varchar(255) NOT NULL,
  `payments` varchar(255) NOT NULL,
  `Education` varchar(255) NOT NULL,
  `criminal` varchar(255) NOT NULL,
  `employment` varchar(255) NOT NULL,
  `no_weapon` varchar(255) NOT NULL,
  `t_weapon` varchar(255) NOT NULL,
  `s_experience` varchar(255) NOT NULL,
  `weapon_name` varchar(255) NOT NULL,
  PRIMARY KEY (`M_id`)
) ENGINE=InnoDB  DEFAULT CHARSET=latin1 AUTO_INCREMENT=18 ;

--
-- Dumping data for table `membership`
--

INSERT INTO `membership` (`M_id`, `Name`, `fname`, `date_birth`, `Cnic`, `Mobile`, `Address`, `mservice`, `Picture`, `Membership`, `CardNo`, `Validfrom`, `Validto`, `Licenseno`, `Refname`, `Refcnic`, `Refmobile`, `Service`, `Refaddress`, `schedule`, `payments`, `Education`, `criminal`, `employment`, `no_weapon`, `t_weapon`, `s_experience`, `weapon_name`) VALUES
(1, 'KHAN BASHAR', 'AL HAJ LAL BASHAR KHAN ', '1973-03-02', '1730122814773', '03159703793', 'MUHAMMAD ABAD GUL BAHAR NO.5 PESHAWAR CITY .\r\n						', 'DIRECOTR DMIN IHSAN CONSTRUCTIONS', '1423914039_KHAN BASHAN', 'Gold', '2281 4773 0001 0002', '2015-10-01', '2015-03-15', '130951-A  INETIOR MINSTRY', 'SABIR SHA', '000', '', 'ARMS SHOP', 'UNIVERSITY ROAD PESHAWAR ', 'monlty', '25000', 'B.COM', 'NEVER', 'PVT JOB', '5', '9 MM ISTOL 223 , 7.62', 'YES', ''),
(2, 'HASSAN ZAHIDDIN', 'GHULAM FARID', '1989-10-23', '1730136483625', '03008597769', 'HOUSE NO 108 STREET NO 11 DEFENCE OFFICERS COLONY PESHAWAR CANTT \r\n						', 'PRIVATE BUSINESS ', '1423401264_20150129_222614-1.jpg', 'Platinum', '3648 3625 0003 0001', '2015-01-25', '2016-01-25', '2628/DCO/PR', 'IRSHAD KHAN', '', '03339115611', 'SELF EMPLOYEE', 'TEHKAL PAYAN PESHAWAR ', 'membership', '40000', 'BBA', 'NO', 'AHCP', '01', 'G 7230102', 'MODERATE ', ''),
(3, 'ARBAB MUHAMMAD FAHAD', 'ARBAB WAHEED ALAM', '1986-12-30', '1730148969091', '03219115843', 'VILLAGE AND PO LANDI ARBAB TEHSIL & DISTRICT PESHAWAR \r\n						', 'STUDENT ', '1423914074_20150127_171811-1.jpg', 'Silver', '4896 9091 ', '2015-01-01', '2016-01-01', '10088 /DCO /PR', 'ARBAB MUHAMMAD AZHAR', '1730114427753', '03339257690', '', 'VILLAGE & PO LANDI ARBAB PESHAWAR ', 'monlty', '15000', 'MPH(HR)', 'NO', 'STUDENT ', '4', 'CF-98\r\nLAMA (32)\r\n22LR 12 BORE', 'INITIAL', '123 chiness'),
(4, 'M ISHAQ PARACHA', 'Abdul Qayyum Paracha', '1973-02-01', '173010-3410860-1', '03333198960', 'H NO 131 DEFENCE OFFICERS COLONY PESHAWAR \r\n						', 'OWN BUSINESS', '1423672111_20150124_212112-1.jpg', 'Gold', '3410 8601 0002 0002', '2015-01-01', '2015-01-01', 'AA99991483441', 'WAQAS PARACHA', '', '03439102787', '', 'H NO 79 D OFFICERS COLONY PESHAWAR ', 'membership', '25000', 'B.A', 'NO', 'OWN BUSINESS', '05', '32BORE\r\n9MM\r\n12 BORE', 'BEGINNER ', '1215326296'),
(5, 'MUBASHIR PERVEZ KEEN', 'PERVEZ MUZAMMIL KEEN', '1975-01-15', '1730115845543', '03008599962', 'H NO 129 ST NO 2 SECTOR J-2 PHASEII HAYATABAD PESHAWAR \r\n						', 'SELF EMPLOYMENT', '1423914107_MUBASHIR PERVEEZ KEEN', 'Platinum', '1584 5543 0003 0001', '2015-01-22', '2016-01-22', 'AA-99993108753 / INTERIOR MINSITRY', '', '', '', '-', '', 'monlty', '35000', '-', 'NO', 'KEEN SONS', '02', 'HAND GUNS 900', 'MODERATE ', ''),
(6, 'MUHAMMAD  SAAD KHAN', 'MUHAMMAD ARIF', '1989-12-21', '1730151894103', '03339055550', 'H NO 180 STREET NO 6 SECTOR NO C-2 PHASE 5 HAYATABAD PESHAWAR \r\n						', 'MANAGER AHL', '1423056320_MUHAMMAD SAAD KHAN', 'Silver', '5189410300020003', '2015-01-01', '2016-01-01', '120002895', 'MUHAMMAD ARIF', '17301-2777968-3', '0333-9105560', '-', 'H NO 180 STREET NO 6 SECTOR NO C-2 PHASE 5 HAYATABAD PESHAWAR ', '', '15000', 'ENGINER ', 'NO', 'MANAGER AHL', 'NIL', 'N/A', 'MODERATE ', '00426907236'),
(7, 'SYED MUHAMMAD HAMZA', 'MUHAMMAD HAMAYUN', '1989-04-10', '17301-8818247-1', '0323-9101141', 'H NO 174 SECTOR E 2 STREET 7 PHASE 1 HAYATABAD PESHAWAR \r\n						', 'MASTER STUDENT', '1423056650_SYED MUHAMMAD HAMZA', 'Silver', '8818247100010003', '2015-01-01', '2016-01-01', 'N/A', 'MUHAMMAD HUMAYUN', '17301-1447680-9', '0322-9876612', '', 'H NO 174 SECTOR E 2 STREET 7 PHASE 1 HAYATABAD PESHAWAR ', 'monlty', '0', 'ENGINER ', 'NO', 'MASTER STUDENT', 'NIL', 'NIL ', 'NIL ', 'N/A'),
(8, 'MUHAMMAD JUNAID QURESHI', 'M DAWOOD QURESHI', '1985-01-25', '4230101268737', '03005956069', 'HOUSE NO 83 STREET NO 16 DEFENCE OFFICER COLONY PESHAWAR CANTT\r\n						', 'SELF EMPLOYMENT', '1423056203_20150127_164241.jpg', 'Platinum', '10126873700010001', '2015-01-17', '2016-01-17', '501/DCO/PR', 'IMAD KHAN ', '', '03227766552', '-', 'UNIVERSITY TOWN PESHAWAR ', 'yearly', '50000', 'MBA', 'NO ', 'BUSINESS', '01', '9 MM PISTOL CZ', 'MODERATE ', ''),
(9, 'NASIR KARIM', 'ABDUL KARIM', '1975-01-01', '1730198884371', '03219044882', 'HOUSE NO 90 STREET 9 J 2 PHASE 2 HAYATABAD\r\n						', 'UNIVERSITY PROFESSOR ', '1423914160_DR NASIR KARIM .jpg', 'Platinum', '9888 4371 0004 0001', '2015-02-03', '2016-02-03', '2668/DCO/PR', '', '', '', '', '', 'yearly', '0', 'PHD', 'NEVER ', 'PROFESSOR', '4', '9 MM CLOCK, .45 TOURS . 9MM BERETTA, 9 MM ZAGANA ', 'MODERATE ', ''),
(10, 'MIAN KAMARAN JALIL SHAH', 'MIAN JALIL SHAH', '1991-12-06', '1710104100533', '0345', 'AL JALIL HOUSE MERAH GULABAD CHARSADDA 						', 'LAND LORD ', '1423240594_MIAN KAMRAN JALIL SHAH .jpg', 'Platinum', '0410 0533 0005 0001', '2015-02-03', '2016-02-03', '', 'TAIMOR', '', '03339355553', 'ARMS SHOP', 'UNIVERSITY ROAD PESHAWAR ', 'yearly', '40000', 'CIVIL ENGINEER ', 'NEVER', 'ENGINEER ', '5', 'GLOCK 17, BARRETA M9, SIG 226 VIKING PH 44', 'MODERATE ', ''),
(11, 'SYED IFTIKHAR AHMED', 'SYED AZIZ AHMAD ', '1971-12-11', '1620209848451', ' 03219003777', 'HOUSE NO.199, STREET NO 9 SACTOR H-1 PHASE 2 HAYATABAD 						', 'LAND LORD', '1423066243_SYED IFTIKHAR AHMAD .jpg', 'Platinum', '0984 8451 0006 0001', '2015-02-03', '2016-03-02', '4577/dco/pr', 'TAIMOR', '', '', 'TAMOR AND COMPANY ARMS DEALER', 'UNIVERSITY ROAD PESHAWAR ', 'yearly', '0', 'MA', 'NEVER', 'N/A', '5', 'CLOCK ', 'MODERATE ', ''),
(12, 'M.ASAD PARACHA ', 'M.ASIF PARACHA', '1991-10-09', '3710139785163', '03229168189', 'HOUSE NO 206 STREET NO 14 NEW SHAMI ROAD PESHAWAR \r\n						', 'HOUSE OFFICER ', 'M.ASAD PARACHA .jpg', 'Silver', '3978 5163 0004 0003', '2015-02-07', '2016-02-07', 'N/A', 'M.SAAD PARACHA', '', '032105251', '000', 'HOUSE NO 206 STREE NO 14 NEWSHAMI ROAD PESHAWAR ', 'monlty', '15000', 'BDS ( DENTIST )', 'NEVER', 'HOUSE OFFICER KTH', 'NIL', 'NIL', 'MODERATE ', 'N/A'),
(13, 'Muhammad Usama Khan', 'Muhammad Nawaz', '', '1730132069621', '03469063646', 'House# D19, FG Colony Shami Road. Peshawar', 'studend ', 'musama.jpg', 'Silver', '3206962100050003', '2015-02-13', '2016-02-13', 'aa 99996564956', 'MUHAMMAD TALHA ', '1730144925067', '03469000649', 'PRIVATE BUSINESS', 'AS ABOVE ', 'monlty', '15000', 'ENGINER ', 'NEVER ', 'STUDENT OF ENGINERING IN IQRA UNIVERSITY ', '1', 'GLOCK 19', 'MODERATE ', 'GLOCK / '),
(15, 'MUHAMMAD MUSTAFA', 'MALIK MUHAMMAD IQBAL KHAN ', '1976-03-26', '1110115072099', '03059046611', 'PO AND VILLAGE BAZAR AHMAD KHAN BANNUE \r\n						', 'ENGINER', 'MUHAMMAD MUSTAFA .jpg', 'Platinum', '1507 2099 0007 0001', '2015-02-03', '2016-02-03', '565/P-769', 'SYED IFTIKHAR AHMED', ' 1620209848451', '03219003777', 'LAND LORD', 'HOUSE NO.199, STREET NO 9 SACTOR H-1 PHASE 2 HAYATABAD', 'yearly', '40000', 'ENGINERING', 'NEVER ', 'PRIVATE JOB ', '1', 'CZ ', '', 'A786943'),
(16, 'DR.SYED ABBAS ', 'SYED MUHAMMAD ABBAS', '1987-06-19', '173012992684-9', '03323683290', 'HOUSE NO 2 BAITUL NOOR REHATABAD STREET NO 10 PESHAWAR 						', 'DOCTOR ', '20150222_190350-1.jpg', 'Gold', '0221 3173 0003 0002', '2015-02-21', '2016-02-21', '4016/DC PR', '', '', '', '', '', 'monlty', '', 'MMBS / MPH', 'NEVER ', 'DOCTOR IN RMI', '2 ', '12 BORE / 9 MM PISTOL', '', 'CF 42 / 00517913'),
(17, 'MASOOD AHMAD ', 'MIR MUHAMMAD ', '2015-05-12', '1730115448897', '03329263672', 'BEHIND GULHAJI PLAZA UNIVERSITY ROAD PESHAWAR \r\n						', 'MEDICAL STUDENT', '20150223_175748-1-1.jpg', 'Silver', '1544 8897 0006 0003', '2015-02-23', '2016-02-23', 'N/A', 'ZAHORE AHMAD', '111', '03429057279', '111', 'AS ABOVE ', 'monlty', '15000', 'DPT', 'NEVER ', 'MEDICAL STUDENT ', 'N/A', 'N/A', 'INITIAL', 'N/A');

-- --------------------------------------------------------

--
-- Table structure for table `nominated_guests`
--

CREATE TABLE IF NOT EXISTS `nominated_guests` (
  `g_id` int(11) NOT NULL AUTO_INCREMENT,
  `name1` varchar(255) NOT NULL,
  `cnic1` varchar(255) NOT NULL,
  `mobile1` varchar(255) NOT NULL,
  `address1` varchar(255) NOT NULL,
  `name2` varchar(255) NOT NULL,
  `cnic2` varchar(255) NOT NULL,
  `mobile2` varchar(255) NOT NULL,
  `address2` varchar(255) NOT NULL,
  `name3` varchar(255) NOT NULL,
  `cnic3` varchar(255) NOT NULL,
  `mobile3` varchar(255) NOT NULL,
  `address3` varchar(255) NOT NULL,
  `M_id` int(11) NOT NULL,
  PRIMARY KEY (`g_id`)
) ENGINE=InnoDB  DEFAULT CHARSET=latin1 AUTO_INCREMENT=18 ;

--
-- Dumping data for table `nominated_guests`
--

INSERT INTO `nominated_guests` (`g_id`, `name1`, `cnic1`, `mobile1`, `address1`, `name2`, `cnic2`, `mobile2`, `address2`, `name3`, `cnic3`, `mobile3`, `address3`, `M_id`) VALUES
(1, 'SHAHBAZ BASHAR ', '00', '03339108210', 'MUHAMMAD ABAD GUL BAHAR NO.5', '', '', '', '', '', '', '', '', 1),
(2, '', '', '', '', '', '', '', '', '', '', '', '', 2),
(3, 'ARBAB WAHEED ALAM', '1730112751058', '03009355058', 'LANDI ARBAB PESHAWAR ', 'ARBAB MUHAMMAD ZAHOOR', '61101-6591334-3', '0333-5115120', 'H NO 65 SIR SYED ROAD PESHAWAR CANTT', 'ARBABD MUHAMMAD AZHAR', '1730114427753', '03335257690', '', 3),
(4, 'YAHYA PARACHA', '1730193795395', '03219017559', 'H NO 131 DEFENCE COLONY PESHAWAR ', 'WAQAS PARACHA', '', '03439102787', 'H NO 79 D DEFENCE COLONY PESHAWAR ', 'USMAN PARACHA', '', '03329125115', 'H NO 79 DEFENCE OFFICERS COLONY PESHAWAR ', 4),
(5, 'MUDASSAR PERVEZ KEEN', '', '03005599956', 'H NO 129 ST NO 2 SECTOR J-2 HAYATABAD PESHAWAR', 'MUZAFAR PERVEZ KEEN', '', '03018599960', 'H NO 129 ST NO 2 SECTOR J-2 HAYATABAD PESHAWAR', '', '', '', '', 5),
(6, 'MUHAMMAD ALI KHAN', '17301-8314922-1', '0333-9355553', 'H NO 180 STREET NO 6 SECTOR NO C-2 PHASE 5 HAYATABAD PESHAWAR ', '', '', '', '', '', '', '', '', 6),
(7, 'MAJ SALMAN MOHABAT KHAN', '17301-1814831-3', '03005856845', 'LAKKI MARWAT ', '', '', '', '', '', '', '', '', 7),
(8, '', '', '', '', '', '', '', '', '', '', '', '', 8),
(9, '', '', '', '', '', '', '', '', '', '', '', '', 9),
(10, '', '', '', '', '', '', '', '', '', '', '', '', 10),
(11, 'ABDUL SAMAD', '173019622310', '03219008521', 'HAYABAD ABAD PESHAWAR ', 'ARBAB NOOR MUHAMMAD ', '1730192286645', '03339110777', 'UNIVERSITY TOWN', '', '', '', '', 11),
(12, 'ABDULLAH AHMAD ', '173034254473', '034619736', 'HOUSE NO 12 A MULBERY ROAD UNIVERSITY TOWN PESHAWAR ', '', '', '', '', '', '', '', '', 12),
(13, 'MUHAMMAD TALHA ', '1730144925067', '03469000649', 'AS ABOVE ', '', '', '', '', '', '', '', '', 13),
(14, '', '', '', '', '', '', '', '', '', '', '', '', 14),
(15, '', '', '', '', '', '', '', '', '', '', '', '', 15),
(16, '', '', '', '', '', '', '', '', '', '', '', '', 16),
(17, '', '', '', '', '', '', '', '', '', '', '', '', 17);

-- --------------------------------------------------------

--
-- Table structure for table `persondetails`
--

CREATE TABLE IF NOT EXISTS `persondetails` (
  `pid` int(11) NOT NULL AUTO_INCREMENT,
  `pname` varchar(255) NOT NULL,
  `pcell` varchar(255) NOT NULL,
  `pnic` varchar(255) NOT NULL,
  `paddress` varchar(255) NOT NULL,
  `Reg_NO` int(11) NOT NULL,
  PRIMARY KEY (`pid`)
) ENGINE=InnoDB  DEFAULT CHARSET=latin1 AUTO_INCREMENT=27 ;

--
-- Dumping data for table `persondetails`
--

INSERT INTO `persondetails` (`pid`, `pname`, `pcell`, `pnic`, `paddress`, `Reg_NO`) VALUES
(1, 'MUIHAMMAD TARIQ KHAN', '03112250022/ 1730196751485', '', 'HOUSE NO 216 STREET 5 SECTOR C2 PHASE 5 HAYATABAD PESHAWAR ', 8),
(2, 'WAQAR BUTT', '03459083428', '', 'SHAMI ROAD ', 9),
(3, 'MUZAMIL KHAN / MAZHAR KHAN ', '17301-5868551-9 / 03449999191', '', 'UNIVERSITY ROAD TEHKAL PAYAN LATE NO F-A MUHALLA ARBAB AVENUE ', 11),
(4, 'HASNAIN ', '03339128750 / 1730146576975', '', 'HOUSSE NO 21 FALCON COMPLEX 68 THE MALL', 12),
(5, 'FARZ ARIF', '1730112911441 / 03219163134', '', 'HOUSE NO 91 STREET 9 B DEFENCE OFFICER COLONY PESHAWR ', 13),
(6, 'abdul samad ', '03219008521', '1730196223105', 'HOUSE NO 34 STREET 1 E-7 PH-7', 16),
(7, 'MOHAMMAD ZEB ', '03459898214', '1710108793061', 'UMERZAI DISTT CHARSADDA ', 19),
(8, 'SYED HASNEN', '03005922506', '1730116370313', 'SADDAR CANTT', 21),
(9, 'ABDULLAH AHMAD ', '03469197636', '1730134254473', 'HOUSE NO 12A MULBAY ROAD UNIVESITY TOWN PESHAWAR ', 23),
(10, 'ABDULLAH AHMAD ', '03469197636', '1730134254473', 'HOUSE NO 12A MULBAY ROAD UNIVESITY TOWN PESHAWAR ', 30),
(11, 'tariq hameed ', '03219069085', '3740580750465', 'house no 1/2 muhamlla spil road near cmh rawalpindi ', 41),
(12, 'HAMID ISLAM', '03219010944', '1730103585651', 'HOUSE NO 64 SEC 1 -1 STREE NO 9 PHSE 3 HAYATABAD PESHAWAR ', 44),
(13, 'TOHEED FARED S/O ZEN KHAN KHALIL', '03459146742', '1730155643939', 'GANDE PAYAN PISHTAKHARA BALA PO PESHAWAR UNIVERSITY', 67),
(14, 'MUHAMMAD UZAIR JAVED', '03339166691', '1730180407749', 'AS ABOVE.', 76),
(15, 'TARIQ AZIZ', '03439900005', '1730109185059', 'AS ABOVE ', 83),
(16, 'MSAAB QAZI', '03008502808', '3740538075309', 'HOUSE NO 4 STREE NO 2-A STREET FAZAL TOWN CHAKLALA RAWAPINDI CANTT', 89),
(17, 'KHALID RAHIM', '03009591148', '1730154513261', 'HOUSE NO. 388 STREET NO 4 SECTOR N 2 HAYATABAD PESHAWAR ', 90),
(18, 'SYED YASIR HAYAT SHAH', '03335234145', '1730115883313', 'SWATI GATE HOUSE NO F-41 MOHALLA ARMY OFFICER COLONY PESHAWAR CANTT ', 94),
(19, 'HADER ALI', '03201288888', '1540264012947', 'ZAFAR PARK BATKHELA TEHSIL BAT KHELA DISTT MALAKAD', 103),
(20, 'BILAL ABDAL', '03139777475', '1730160710015', 'R BLOCK ROOM NO 204 MINISTERY OF PALIMANTRY AFFAIRS , ISLAMABAD ', 105),
(21, 'RASHID AHMED SALEH', '03345349540', '1730168111275', 'HOUSE NO 1 ST NO 4 HAIDEER SHAH TWON MADINA COOLONY OFFIDE DALAZAK ROAD PESHAWAR ', 108),
(22, 'muhammad saad paracha', '03215505251', '3710176214989', 'shami road peshawar cantt ', 112),
(23, 'MUHAMMAD UMAIR DURRANI', '111', '1730148138551', '', 113),
(24, 'faizan', '39339', '338338', 'peshwar', 121),
(25, 'king ', '3393939', '23828', 'peshwr', 122),
(26, 'faizan', '39339', '338338', 'peshwar', 126);

-- --------------------------------------------------------

--
-- Table structure for table `persondetails2`
--

CREATE TABLE IF NOT EXISTS `persondetails2` (
  `pid2` int(11) NOT NULL AUTO_INCREMENT,
  `pname2` varchar(255) NOT NULL,
  `pcell2` varchar(255) NOT NULL,
  `pnic2` varchar(255) NOT NULL,
  `paddress2` varchar(255) NOT NULL,
  `Reg_No` int(11) NOT NULL,
  PRIMARY KEY (`pid2`)
) ENGINE=InnoDB  DEFAULT CHARSET=latin1 AUTO_INCREMENT=5 ;

--
-- Dumping data for table `persondetails2`
--

INSERT INTO `persondetails2` (`pid2`, `pname2`, `pcell2`, `pnic2`, `paddress2`, `Reg_No`) VALUES
(1, 'JAWAD RAZA MIR', '03219009300', '', 'FORT ROAD PESHAWAR CANTT', 9),
(2, 'mubah safdar ', '03459175741', '1730141141333', 'bulbahar no 2 ishrat cinima road st 5 block b distt peshawar ', 41),
(3, 'FAHAD SALEH', '03469193515', '1730170217543', 'MADINA COLONY HOUSE NO 1 STREET NO 4 HAIDERSHAH TOWN PESHAWAR ', 108),
(4, 'khan', '98899', '98887766', 'karachi', 122);

-- --------------------------------------------------------

--
-- Table structure for table `product`
--

CREATE TABLE IF NOT EXISTS `product` (
  `p_id` int(255) NOT NULL AUTO_INCREMENT,
  `p_name` varchar(255) NOT NULL,
  `p_type` varchar(255) NOT NULL,
  `pmodel` varchar(255) NOT NULL,
  PRIMARY KEY (`p_id`)
) ENGINE=InnoDB  DEFAULT CHARSET=latin1 AUTO_INCREMENT=90 ;

--
-- Dumping data for table `product`
--

INSERT INTO `product` (`p_id`, `p_name`, `p_type`, `pmodel`) VALUES
(1, 'Ammunition', '9 MM BULLET', 'CHINEES'),
(2, 'Ammunition', '9 MM BULLET', 'CZ'),
(3, 'Ammunition', '9 MM BULLET', 'USA'),
(4, 'Ammunition', '9 MM BULLET', 'HUYDLE SHOT'),
(5, 'Ammunition', '9 MM BULLET', 'AMERICAN EGAL'),
(6, 'Ammunition', 'SHAHEEN', '4 NO.'),
(7, 'Ammunition', 'SHAHEEN', 'SG'),
(8, 'Ammunition', '9 MM BULLET', 'MIX'),
(9, 'Ammunition', '30 BORE', 'CHINEES'),
(10, 'Fire Arms', '12 BORE ', 'SEGA 1'),
(11, 'Acessories', 'METEL DEDECTOR', '3003B1'),
(12, 'Acessories', 'CAR MIROR SCANER', 'LOCAL'),
(13, 'Ammunition', '9 MM BULLET', 'GERMANY'),
(15, 'Fire Arms', '9 MM PISTOLS', 'COPY OF BERETTA'),
(16, 'Ammunition', '.45 BULLET', 'PHILIPINE'),
(17, 'Ammunition', '.45 BULLET', 'USA'),
(18, 'Acessories', 'SCOPE', 'SWAT FORCE'),
(19, 'Acessories', 'SCOPE', 'UTG'),
(20, 'Acessories', 'MOJO', 'VOODO DOVE'),
(21, 'Acessories', 'MOJO', 'MAMA JAMA'),
(22, 'Acessories', 'DUCK CALL', 'USA'),
(23, 'Acessories', 'DUCK CALL', 'PAKSITANI'),
(24, 'Acessories', 'DUCK CALL', 'TURKY'),
(25, 'Acessories', 'DOVE', 'RUSSIAN'),
(26, 'Acessories', 'INVERTER', '2000 WATT'),
(27, 'Acessories', 'DUCK CALL', 'GUNTACK TURKY'),
(28, 'Acessories', 'KNIVES', 'GERBER TAKTICAL'),
(29, 'Acessories', 'HOWLLO SCOPIC SIGHTS', 'SHORT'),
(30, 'Ammunition', '30 BORE', 'chinees'),
(31, 'Ammunition', '.45 BULLET', 'PHILIPINE'),
(32, 'Ammunition', '.32 bullet', 'CHINEES'),
(33, 'Ammunition', '9 MM BULLET', 'MACAROV'),
(34, 'Ammunition', '9 MM BULLET', 'MACAROV RUSSIAN'),
(35, 'Ammunition', '9 MM BULLET', 'LOCAL'),
(36, 'Ammunition', 'SHORT GUN', 'TURKY SG'),
(37, 'Ammunition', 'SHORT GUN', 'TURKY SLUG GOLD'),
(38, 'Ammunition', 'SHORT GUN', 'CZ SLUG'),
(39, 'Ammunition', 'SHORT GUN', 'ITLY SG '),
(40, 'Fire Arms', '9 MM PISTLS', 'cz duty'),
(41, 'Fire Arms', '9 MM PISTLS', 'wikking'),
(42, 'Fire Arms', '9 MM PISTLS', 'COPY OF BERETTA'),
(43, 'Ammunition', '.22 bullet ', 'CZ'),
(44, 'Ammunition', '.25 BORE', 'CZ'),
(45, 'Ammunition', '.40 BULLET ', 'CZ'),
(46, 'Ammunition', '.357 MAGNUM', 'CZ'),
(48, 'Acessories', 'GUN SLING', 'M 4 USA'),
(49, 'Acessories', 'CLEANING KIT', 'M4 USA'),
(50, 'Acessories', 'CLEANING KIT', '9 MM USA'),
(51, 'Acessories', 'CLEANING KIT', '7.62 USA'),
(52, 'Acessories', 'INDICATION LIGHT', 'GERBER '),
(53, 'Acessories', 'SLINGS', 'M4 USA'),
(54, 'Acessories', 'SCOPE', 'GM6 LASER'),
(55, 'Acessories', 'HOWLLO SCOPIC SIGHTS', 'DOT '),
(56, 'Acessories', 'KNIVES', 'M4 ( M9 ONTORIO )'),
(57, 'Acessories', 'EAR MUF ', 'SMALL'),
(58, 'Acessories', 'EAR MUF', 'BEREETA'),
(59, 'Acessories', 'KNIVES', 'GERBER CHINEES'),
(60, 'Acessories', 'KNIVES', 'SEKI JAPAN'),
(61, 'Acessories', 'KNIVES', 'BENCHMADE'),
(62, 'Acessories', 'KNIVES', 'COLOMBIA'),
(63, 'Acessories', 'KNIVES', 'CHINES ( HUCK )'),
(64, 'Acessories', 'MOUNTS', 'MP 5 WALTHER '),
(65, 'Acessories', 'CLEANING OIL', 'USA'),
(67, 'Acessories', 'CLEANING KIT', 'PISTOL CHINES'),
(68, 'Acessories', 'CLEANING KIT', '12 BORE CHINES '),
(69, 'Acessories', 'TOURCH', 'SLIM UK'),
(70, 'Acessories', 'KNIVES', 'SLIM UK'),
(71, 'Acessories', 'SLINGS', 'MAGPUL'),
(72, 'Acessories', 'GOGLE', 'USA'),
(74, 'Acessories', 'SHAWAL', 'LARGE USA'),
(75, 'Acessories', 'SHAWAL', 'SMAL USA'),
(76, 'Acessories', 'WHOLSTER', 'BAG STYLE'),
(77, 'Acessories', 'MOJO', 'WING'),
(78, 'Acessories', 'LASER PISTOL', 'LASER SIGHTS'),
(80, 'Acessories', 'LASER PISTOL', 'LS'),
(81, 'Acessories', 'LASER PISTOL', 'JM9240'),
(82, 'Acessories', 'LASER PISTOL', 'WHIT BOX'),
(83, 'Acessories', 'SOLER LIGHT', 'M 6'),
(85, 'Ammunition', '9 MM BULLET', 'CZ HOLLOW POINT'),
(86, 'Ammunition', '.22 bullet ', 'PHILIPINE'),
(87, 'Ammunition', '.22 bullet ', 'SUBSONIC'),
(88, 'Acessories', 'SOLER LIGHT', 'CLIP'),
(89, 'Fire Arms', '9 MM BULLET', 'CHINEES');

-- --------------------------------------------------------

--
-- Table structure for table `purchase`
--

CREATE TABLE IF NOT EXISTS `purchase` (
  `p_id` int(255) NOT NULL AUTO_INCREMENT,
  `product` varchar(255) NOT NULL,
  `prd_type` varchar(255) NOT NULL,
  `pmodel` varchar(255) NOT NULL,
  `weapone_no` varchar(255) NOT NULL,
  `plan` varchar(20) NOT NULL,
  `Quantity` int(11) NOT NULL,
  `name` varchar(100) NOT NULL,
  `cnic` varchar(255) NOT NULL,
  `phone` varchar(255) NOT NULL,
  `address` varchar(255) NOT NULL,
  `license_no` varchar(255) NOT NULL,
  `price` varchar(500) NOT NULL,
  `sales_price` int(20) NOT NULL,
  `Date` varchar(255) NOT NULL,
  PRIMARY KEY (`p_id`)
) ENGINE=InnoDB  DEFAULT CHARSET=latin1 AUTO_INCREMENT=121 ;

--
-- Dumping data for table `purchase`
--

INSERT INTO `purchase` (`p_id`, `product`, `prd_type`, `pmodel`, `weapone_no`, `plan`, `Quantity`, `name`, `cnic`, `phone`, `address`, `license_no`, `price`, `sales_price`, `Date`) VALUES
(6, 'Fire Arms', '9 MM BULLET', 'CHINEES', '101', 'Dealer', 1000, 'kings arms company', 'N/A', '03009163232', 'GT ROAD ', '', '38', 40, '2015-01-30'),
(7, 'Fire Arms', '9 MM BULLET', 'CZ', '102', 'Dealer', 100, 'kings arms company', 'N/A', '03009163232', 'GT ROAD ', '', '58', 65, '2015-01-30'),
(8, 'Ammunition', '9 MM BULLET', 'USA', 'N/A', 'Dealer', 200, 'kings arms company', 'N/A', '03009163232', 'GT ROAD ', '', '65', 70, '2015-01-30'),
(9, 'Ammunition', '9 MM BULLET', 'AMERICAN EGAL', '', 'Dealer', 100, 'HAJI IQBAL AND SONS', 'N/A', '03005555223', 'UNIVERSITY ROAD ', '', '70', 75, '2015-01-30'),
(10, 'Ammunition', 'SHAHEEN', '4 NO.', '', 'Dealer', 400, 'kings arms company', 'N/A', '03009163232', 'GT ROAD ', '', '1063', 1150, '2015-01-31'),
(11, 'Ammunition', 'SHAHEEN', 'SG', '', 'Dealer', 400, 'kings arms company', 'N/A', '03009163232', 'GT ROAD ', '', '46', 1250, '2015-01-31'),
(13, 'Ammunition', '9 MM BULLET', 'GERMANY', '', 'Dealer', 100, 'HAJI IQBAL AND SONS', 'N/A', '03005555223', 'UNIVERSITY ROAD ', 'N/A', '70', 100, '2015-02-02'),
(14, 'Fire Arms', '12 BORE ', '3003B1', 'LIST ATTACHED ', 'Dealer', 40, 'MOONSTAR', 'N/A', '0000', 'kOHAT ROAD PESHAWAR ', '1111', '22000', 24000, '2015-02-02'),
(15, 'Ammunition', '9 MM BULLET', 'CHINEES', '', 'Dealer', 500, 'M.HADI AND COPANY', '', '03369885611', 'university road peshawqar ', '274 / IX', '37', 40, '2015-02-02'),
(16, 'Ammunition', '.45 BULLET', 'USA', '', 'Dealer', 100, 'TAIMOR AND COPANY', '', '03005555223', 'university road peshawar ', '276 / IX ', '90', 120, '2015-02-02'),
(17, 'Acessories', 'SCOPE', 'SWAT FORCE', '', 'Dealer', 2, 'HUKUMRAN ELECTRONICS', '', '000', 'kharkhano peshawar ', 'N/A', '17000', 30000, '2015-02-02'),
(18, 'Acessories', 'SCOPE', 'UTG', '', 'Dealer', 3, 'HUKUMRAN ELECTRONICS', '', '000', 'kharkhano peshawar ', 'N/A', '5500', 12000, '2015-02-02'),
(19, 'Acessories', 'DUCK CALL', 'TURKY', '', 'Dealer', 2, 'HUKUMRAN ELECTRONICS', '', '000', 'kharkhano peshawar ', 'N/A', '650', 800, '2015-02-02'),
(20, 'Acessories', 'DUCK CALL', 'USA', '', 'Dealer', 1, 'HUKUMRAN ELECTRONICS', '', '000', 'kharkhano peshawar ', 'N/A', '4000', 5000, '2015-02-02'),
(21, 'Acessories', 'MOJO', 'MAMA JAMA', '', 'Dealer', 1, 'HUKUMRAN ELECTRONICS', '', '000', 'kharkhano peshawar ', 'N/A', '14000', 18000, '2015-02-02'),
(22, 'Acessories', 'MOJO', 'VOODO DOVE', '', 'Dealer', 1, 'HUKUMRAN ELECTRONICS', '', '000', 'kharkhano peshawar ', 'N/A', '5000', 6000, '2015-02-02'),
(23, 'Acessories', 'DUCK CALL', 'GUNTACK TURKY', '', 'Dealer', 1, 'HUKUMRAN ELECTRONICS', '', '000', 'kharkhano peshawar ', 'N/A', '2500', 3500, '2015-02-02'),
(24, 'Acessories', 'KNIVES', 'GERBER TAKTICAL', '', 'Dealer', 1, 'HUKUMRAN ELECTRONICS', '', '000', 'kharkhano peshawar ', 'N/A', '1000', 4000, '2015-02-02'),
(25, 'Ammunition', '9 MM BULLET', 'CHINEES', '', 'Dealer', 425, 'M.HADI AND COPANY', '', '03369885611', 'university road peshawqar ', '274 / IX', '37', 40, '2015-02-05'),
(26, 'Ammunition', '30 BORE', 'CHINEES', '', 'Dealer', 200, 'TAIMOR AND COPANY', '', '03005555223', 'university road peshawar ', '276 / IX ', '30', 35, '2015-02-05'),
(27, 'Ammunition', '.45 BULLET', 'PHILIPINES', '', 'Dealer', 100, 'TAIMOR AND COPANY', 'N/A', '03005555223', 'university road peshawar ', '276 / IX ', '75', 85, '2015-02-05'),
(28, 'Ammunition', '9 MM BULLET', 'CZ', '', 'Dealer', 50, 'TAIMOR AND COPANY', '', '03005555223', 'university road peshawar ', '274 / IX', '55', 58, '2015-02-05'),
(29, 'Ammunition', '.32 bullet', 'CHINEES', '', 'Dealer', 100, 'TAIMOR AND COPANY', '', '03005555223', 'university road peshawar ', 'N/A', '60', 65, '2015-02-05'),
(30, 'Ammunition', '9 MM BULLET', 'MACAROV', '', 'Dealer', 181, 'kings arms company', '', '03009163232', 'GT ROAD ', 'N/A', '25', 30, '2015-02-05'),
(31, 'Ammunition', '9 MM BULLET', 'MACAROV RUSSIAN', '', 'Dealer', 50, 'M.HADI AND COPANY', '', '03369885611', 'university road peshawqar ', 'N/A', '85', 90, '2015-02-05'),
(32, 'Ammunition', '9 MM BULLET', 'LOCAL', '', 'Dealer', 1030, 'MIRNAWAZ KHAN AND SONS', '', '03339339669', 'kOHAT ROAD PESHAWAR ', '410/IX', '20', 32, '2015-02-05'),
(33, 'Ammunition', '30 BORE', 'CHINEES', '', 'Dealer', 75, 'TAIMOR AND COPANY', '', '03005555223', 'university road peshawar ', '276 / IX ', '30', 35, '2015-02-07'),
(34, 'Ammunition', 'SHORT GUN', 'TURKY SG', '', 'Dealer', 10, 'MAJEED GUL AND SONS', '', '0915711372', 'UNIVERSITY ROAD ', '', '110', 190, '2015-02-08'),
(35, 'Ammunition', 'SHORT GUN', 'TURKY SLUG GOLD', '', 'Dealer', 10, 'MAJEED GUL AND SONS', '', '0915711372', 'UNIVERSITY ROAD ', '', '170', 270, '2015-02-08'),
(36, 'Ammunition', 'SHORT GUN', 'CZ SLUG', '', 'Dealer', 5, 'MAJEED GUL AND SONS', '', '0915711372', 'UNIVERSITY ROAD ', '', '250', 350, '2015-02-08'),
(37, 'Ammunition', 'SHORT GUN', 'ITLY SG ', '', 'Dealer', 10, 'MAJEED GUL AND SONS', '', '0915711372', 'UNIVERSITY ROAD ', '', '120', 170, '2015-02-08'),
(38, 'Fire Arms', '9 MM PISTLS', 'cz duty', 'b414778', 'Dealer', 1, 'M.HADI AND COPANY', '', '03369885611', 'university road peshawqar ', '274 / IX', '83500', 86000, '2015-02-09'),
(39, 'Fire Arms', '9 MM PISTLS', 'wikking', '1444600170', 'Dealer', 1, 'M.HADI AND COPANY', '', '03369885611', 'university road peshawqar ', '274 / IX', '63000', 68000, '2015-02-09'),
(40, 'Ammunition', '9 MM BULLET', 'LOCAL', '', 'Dealer', 1000, 'MIRNAWAZ KHAN AND SONS', '', '03339339669', 'kOHAT ROAD PESHAWAR ', '410/IX', '17', 28, '2015-02-09'),
(41, 'Ammunition', '.22 bullet ', 'CZ', '', 'Dealer', 800, 'HAJI IQBAL AND SONS', '', '03005555223', 'UNIVERSITY ROAD ', '', '28', 35, '2015-02-11'),
(42, 'Ammunition', '.25 BORE', 'CZ', '', 'Dealer', 100, 'M.HADI AND COPANY', '', '03369885611', 'university road peshawqar ', '274 / IX', '70', 95, '2015-02-12'),
(43, 'Ammunition', '.40 BULLET ', 'CZ', '', 'Dealer', 150, 'FAKHREALAM AND BROTHERS', '', '037217456', 'GT ROAD ', '', '90', 100, '2015-02-12'),
(44, 'Ammunition', '.357 MAGNUM', 'CZ', '', 'Dealer', 100, 'FAKHREALAM AND BROTHERS', '', '037217456', 'GT ROAD ', '', '80', 88, '2015-02-12'),
(45, 'Ammunition', '9 MM BULLET', 'USA', '', 'Dealer', 100, 'HAJI AMIN', '', '111', 'KHARKHANO MARKET', 'N/A', '52', 65, '2015-02-15'),
(46, 'Ammunition', '.45 BULLET', 'USA', '', 'Dealer', 50, 'HAJI AMIN', '', '111', 'KHARKHANO MARKET', 'N/A', '70', 100, '2015-02-15'),
(47, 'Ammunition', '9 MM BULLET', 'LOCAL', '', 'Dealer', 50, 'HAJI AMIN', '', '111', 'KHARKHANO MARKET', 'N/A', '18', 28, '2015-02-15'),
(48, 'Acessories', 'GUN SLING', 'M 4 USA', '', 'Dealer', 1, 'HUKUMRAN ELECTRONICS', '', '000', 'kharkhano peshawar ', 'N/A', '1500', 2500, '2015-02-16'),
(49, 'Acessories', 'CLEANING KIT', 'M4 USA', '', 'Dealer', 6, 'HUKUMRAN ELECTRONICS', '', '000', 'kharkhano peshawar ', 'N/A', '2300', 2800, '2015-02-16'),
(50, 'Acessories', 'CLEANING KIT', '9 MM USA', '', 'Dealer', 2, 'HUKUMRAN ELECTRONICS', '', '000', 'KHARKHANO MARKET', 'N/A', '2300', 3000, '2015-02-16'),
(51, 'Acessories', 'CLEANING KIT', '7.62 USA', '', 'Dealer', 2, 'HUKUMRAN ELECTRONICS', '', '000', 'kharkhano peshawar ', 'N/A', '17000', 2500, '2015-02-16'),
(52, 'Acessories', 'INDICATION LIGHT', 'GERBER ', '', 'Dealer', 2, 'HUKUMRAN ELECTRONICS', '', '000', 'kharkhano peshawar ', 'N/A', '450', 950, '2015-02-16'),
(53, 'Acessories', 'SLINGS', 'M4 USA', '', 'Dealer', 1, 'HUKUMRAN ELECTRONICS', '', '000', 'kharkhano peshawar ', 'N/A', '1500', 2800, '2015-02-16'),
(54, 'Acessories', 'SCOPE', 'GM6 LASER', '', 'Dealer', 1, 'HUKUMRAN ELECTRONICS', '', '000', 'kharkhano peshawar ', 'N/A', '3500', 5500, '2015-02-16'),
(55, 'Acessories', 'HOWLLO SCOPIC SIGHTS', 'DOT ', '', 'Dealer', 1, 'HUKUMRAN ELECTRONICS', '', '000', 'kharkhano peshawar ', 'N/A', '2500', 6000, '2015-02-16'),
(56, 'Acessories', 'KNIVES', 'M4 ( M9 ONTORIO )', '', 'Dealer', 2, 'PUKTHOON TRADERS', '', '03335830063', 'SITARA MARKET KHARKHANO', 'N/A', '2800', 5000, '2015-02-16'),
(57, 'Acessories', 'EAR MUF ', 'SMALL', '', 'Dealer', 5, 'PUKTHOON TRADERS', '', '03335830063', 'SITARA MARKET KHARKHANO', 'N/A', '40', 150, '2015-02-16'),
(58, 'Acessories', 'EAR MUF ', 'BEREETA', '', 'Dealer', 8, 'PUKTHOON TRADERS', '', '03335830063', 'SITARA MARKET KHARKHANO', 'N/A', '2700', 3500, '2015-02-16'),
(59, 'Acessories', 'KNIVES', 'BENCHMADE', '', 'Dealer', 1, 'PUKTHOON TRADERS', '', '03335830063', 'SITARA MARKET KHARKHANO', 'N/A', '500', 950, '2015-02-16'),
(60, 'Acessories', 'KNIVES', 'GERBER CHINEES', '', 'Dealer', 1, 'PUKTHOON TRADERS', '', '03335830063', 'SITARA MARKET KHARKHANO', 'N/A', '500', 1500, '2015-02-16'),
(61, 'Acessories', 'KNIVES', 'SEKI JAPAN', '', 'Dealer', 1, 'PUKTHOON TRADERS', '', '03335830063', 'SITARA MARKET KHARKHANO', 'N/A', '1200', 2000, '2015-02-16'),
(62, 'Acessories', 'KNIVES', 'COLOMBIA', '', 'Dealer', 1, 'PUKTHOON TRADERS', '', '03335830063', 'SITARA MARKET KHARKHANO', 'N/A', '300', 700, '2015-02-16'),
(63, 'Acessories', 'KNIVES', 'CHINES ( HUCK )', '', 'Dealer', 1, 'PUKTHOON TRADERS', '', '03335830063', 'SITARA MARKET KHARKHANO', 'N/A', '600', 1000, '2015-02-16'),
(64, 'Acessories', 'MOUNTS', 'MP 5 WALTHER ', '', 'Dealer', 1, 'HUKUMRAN ELECTRONICS', '', '000', 'kharkhano peshawar ', 'N/A', '1500', 2500, '2015-02-16'),
(65, 'Acessories', 'CLEANING OIL', 'USA', '', 'Dealer', 20, 'PUKTHOON TRADERS', '', '03335830063', 'SITARA MARKET KHARKHANO', 'N/A', '40', 100, '2015-02-16'),
(66, 'Acessories', 'SLINGS', 'M4 USA', '', '', 1, 'HUKUMRAN ELECTRONICS', 'N/A', '000', 'kharkhano peshawar ', 'N/A', '1500', 3500, '2015-02-16'),
(67, 'Acessories', 'CLEANING KIT', 'PISTOL CHINES', '', 'Dealer', 1, 'HUKUMRAN ELECTRONICS', '', '000', 'kharkhano peshawar ', 'N/A', '500', 800, '2015-02-16'),
(68, 'Acessories', 'CLEANING KIT', '12 BORE CHINES ', '', 'Dealer', 1, 'HUKUMRAN ELECTRONICS', '', '000', 'kharkhano peshawar ', 'N/A', '500', 1000, '2015-02-16'),
(69, 'Acessories', 'SLINGS', 'MAGPUL', '', 'Dealer', 9, 'PUKTHOON TRADERS', '', '03335830063', 'SITARA MARKET KHARKHANO', 'N/A', '1500', 2000, '2015-02-16'),
(70, 'Acessories', 'GOGLE', 'USA', '', 'Dealer', 5, 'HUKUMRAN ELECTRONICS', '', '000', 'kharkhano peshawar ', 'N/A', '500', 1000, '2015-02-16'),
(71, 'Acessories', 'SHAWAL', 'LARGE USA', '', '', 1, 'PUKTHOON TRADERS', 'N/A', '03335830063', 'SITARA MARKET KHARKHANO', 'N/A', '1800', 3000, '2015-02-16'),
(72, 'Acessories', 'SHAWAL', 'SMAL USA', '', 'Dealer', 2, 'PUKTHOON TRADERS', '', '03335830063', 'SITARA MARKET KHARKHANO', 'N/A', '1300', 1800, '2015-02-16'),
(73, 'Acessories', 'KNIVES', 'CREDIT CARD', '', 'Dealer', 5, 'PUKTHOON TRADERS', '', '03335830063', 'SITARA MARKET KHARKHANO', 'N/A', '400', 1800, '2015-02-16'),
(74, 'Acessories', 'TOURCH', 'CREDIT CARD', '', '', 2, 'PUKTHOON TRADERS', 'n/a', '03335830063', 'SITARA MARKET KHARKHANO', 'N/A', '400', 1300, '2015-02-16'),
(75, 'Acessories', 'KNIVES', 'CREDIT CARD', '', 'Dealer', 83, 'SABOON TRADERS', '', '03469373511', 'SITARA MARKET KHARKHANO', 'N/A', '400', 1800, '2015-02-17'),
(76, 'Acessories', 'TOURCH', 'CREDIT CARD', '', 'Dealer', 17, 'SABOON TRADERS', '', '03469373511', 'SITARA MARKET KHARKHANO', 'N/A', '400', 1300, '2015-02-17'),
(77, 'Acessories', 'SHAWAL', 'LARGE USA', '', 'Dealer', 1, 'SABOON TRADERS', '', '03469373511', 'SITARA MARKET KHARKHANO', 'N/A', '1800', 2500, '2015-02-17'),
(78, 'Acessories', 'KNIVES', 'SEKI JAPAN', '', 'Dealer', 2, 'SABOON TRADERS', '', '03469373511', 'SITARA MARKET KHARKHANO', 'N/A', '1200', 4000, '2015-02-17'),
(79, 'Ammunition', '9 MM BULLET', 'USA', '', 'Dealer', 350, 'HAJI AMIN', '', '111', 'KHARKHANO MARKET', 'N/A', '52', 65, '2015-02-18'),
(80, 'Ammunition', '9 MM BULLET', 'CHINEES', '', 'Dealer', 600, 'M.HADI AND COPANY', '', '03369885611', 'university road peshawqar ', '274 / IX', '38', 42, '2015-02-18'),
(81, 'Acessories', 'WHOLSTER', 'BAG STYLE', '', 'Dealer', 2, 'HUKUMRAN ELECTRONICS', 'N/A', '000', 'kharkhano peshawar ', 'N/A', '700', 1500, '2015-02-22'),
(82, 'Acessories', 'MOJO', 'WING', '', 'Dealer', 1, 'HUKUMRAN ELECTRONICS', 'N/A', '000', 'kharkhano peshawar ', 'N/A', '4000', 5000, '2015-02-22'),
(83, 'Acessories', 'LASER PISTOL', 'JM9240', '', 'Dealer', 1, 'HUKUMRAN ELECTRONICS', 'N/A', '000', 'kharkhano peshawar ', 'N/A', '1900', 2900, '2015-02-22'),
(84, 'Acessories', 'LASER PISTOL', 'LASER SIGHTS', '', 'Dealer', 2, 'HUKUMRAN ELECTRONICS', 'N/A', '000', 'kharkhano peshawar ', 'N/A', '1500', 2500, '2015-02-22'),
(85, 'Acessories', 'LASER PISTOL', 'LS', '', 'Dealer', 1, 'HUKUMRAN ELECTRONICS', 'N/A', '000', 'kharkhano peshawar ', 'N/A', '900', 1900, '2015-02-22'),
(86, 'Acessories', 'LASER PISTOL', 'WHIT BOX', '', 'Dealer', 1, 'HUKUMRAN ELECTRONICS', 'N/A', '000', 'kharkhano peshawar ', 'N/A', '1700', 2700, '2015-02-22'),
(87, 'Acessories', 'SOLER LIGHT', 'M 6', '', 'Dealer', 1, 'INTERNATIONAL ELECTRONICS', 'N/A', '0915815971', 'SHINWARI PLAZA KHARKHANO', 'N/A', '3800', 5000, '2015-02-22'),
(88, 'Acessories', 'SOLER LIGHT', 'CLIP', '', 'Dealer', 2, 'INTERNATIONAL ELECTRONICS', 'N/A', '0915815971', 'SHINWARI PLAZA KHARKHANO', 'N/A', '1250', 2800, '2015-02-22'),
(89, 'Ammunition', '.40 BULLET ', 'CZ', '', 'Dealer', 100, 'FAKHREALAM AND BROTHERS', 'N/A', '0912217456', 'GT ROAD ', 'N/A', '90', 100, '2015-02-23'),
(90, 'Ammunition', '9 MM BULLET', 'CZ HOLLOW POINT', '', 'Dealer', 30, 'FAKHREALAM AND BROTHERS', 'N/A', '037217456', 'GT ROAD ', 'N/A', '90', 100, '2015-02-23'),
(91, 'Ammunition', '9 MM BULLET', 'CZ', '', 'Dealer', 250, 'FAKHREALAM AND BROTHERS', 'n/a', '037217456', 'GT ROAD ', 'N/A', '55', 60, '2015-02-23'),
(92, 'Ammunition', '.22 bullet ', 'PHILIPINE', '', 'Dealer', 300, 'FAKHREALAM AND BROTHERS', 'N/A', '037217456', 'GT ROAD ', 'N/A', '25', 35, '2015-02-23'),
(93, 'Ammunition', '9 MM BULLET', 'CZ', '', 'Dealer', 100, 'M.HADI AND COPANY', 'N/A', '03369885611', 'university road peshawqar ', '274 / IX', '58', 60, '2015-02-25'),
(94, 'Ammunition', '30 BORE', 'CHINEES', '', 'Dealer', 1000, 'YASEEN ARMS DEALER', 'N/A', '03149087002', 'GT ROAD PESHAWAR ', '11', '28', 35, '2015-02-27'),
(95, 'Ammunition', '9 MM BULLET', 'MACAROV', '', 'Dealer', 500, 'YASEEN ARMS DEALER', 'N/A', '03149087002', 'GT ROAD PESHAWAR ', '11', '25', 30, '2015-02-27'),
(96, 'Ammunition', '9 MM BULLET', 'LOCAL', '', 'Dealer', 500, 'MIRNAWAZ KHAN AND SONS', 'N/A', '03339339669', 'kOHAT ROAD PESHAWAR ', '410/IX', '18', 28, '2015-02-27'),
(97, 'Ammunition', '9 MM BULLET', 'USA', '', 'Dealer', 195, 'HAJI AMIN', 'N/A', '111', 'KHARKHANO MARKET', 'N/A', '52', 60, '2015-03-01'),
(98, 'Ammunition', '', '', '', 'Dealer', 181, 'kings arms company', 'N/A', '03009163232', 'GT ROAD ', 'N/A', '25', 30, '2015-03-21'),
(99, 'Fire Arms', '9 MM PISTLS', 'COPY OF BERETTA', '12340', 'Dealer', 181, 'kings arms company', 'N/A', '03009163232', 'GT ROAD ', 'N/A', '25', 30, '2015-03-21'),
(102, 'Fire Arms', '9MM bullets', 'China', '4888', 'Dealer', 181, 'kings arms company', 'N/A', '03009163232', 'GT ROAD ', 'N/A', '25', 30, '2015-03-23'),
(103, 'Acessories', 'CAR MIROR SCANER', 'LOCAL', '', 'Dealer', 181, 'kings arms company', 'N/A', '03009163232', 'GT ROAD ', 'N/A', '25', 30, '2015-03-23'),
(104, 'Acessories', 'CAR MIROR SCANER', 'LOCAL', '', 'Dealer', 181, 'kings arms company', 'N/A', '03009163232', 'GT ROAD ', 'N/A', '25', 30, '2015-03-25'),
(105, 'Fire Arms', '12 BORE ', 'SEGA 1', '987', 'Dealer', 100, 'kings arms company', 'N/A', '03009163232', 'GT ROAD ', 'N/A', '29', 40, '2015-03-25'),
(106, 'Acessories', 'CLEANING OIL', 'USA', '', 'Dealer', 120, 'kings arms company', 'N/A', '03009163232', 'GT ROAD ', 'N/A', '29', 35, '2015-03-25'),
(107, 'Fire Arms', '9 MM PISTLS', 'COPY OF BERETTA', '987766', 'Dealer', 10, 'kings arms company', 'N/A', '03009163232', 'GT ROAD ', 'N/A', '30', 40, '2015-03-25'),
(108, 'Fire Arms', '', '', '67676', 'Dealer', 20, 'kings arms company', 'N/A', '03009163232', 'GT ROAD ', 'N/A', '35', 40, '2015-03-25'),
(109, 'Acessories', 'GOGLE', 'USA', '', 'Dealer', 5, 'kings arms company', 'N/A', '03009163232', 'GT ROAD ', 'N/A', '50', 60, '2015-03-25'),
(110, '', 'GOGLE', 'USA', '0', 'Dealer', 5, 'kings arms company', 'N/A', '03009163232', 'GT ROAD ', 'N/A', '50', 60, '2015-03-25'),
(111, 'Acessories', 'CAR MIROR SCANER', 'LOCAL', '', 'Dealer', 12, 'HAJI AMIN', '000000000', '111', 'KHARKHANO MARKET', 'N/A', '10', 15, '2015-03-25'),
(112, 'Acessories', 'CAR MIROR SCANER', 'LOCAL', '0', 'Dealer', 12, 'HAJI AMIN', 'N/A', '111', 'KHARKHANO MARKET', 'N/A', '15', 20, '2015-03-25'),
(113, 'Acessories', 'CAR MIROR SCANER', 'LOCAL', '0', 'Dealer', 12, 'HAJI AMIN', 'N/A', '111', 'KHARKHANO MARKET', 'N/A', '15', 20, '2015-03-25'),
(114, 'Acessories', 'GUN SLING', 'M 4 USA', 'N/A', 'Dealer', 5, 'HAJI AMIN', 'N/A', '111', 'KHARKHANO MARKET', 'N/A', '10', 15, '2015-03-25'),
(115, 'Fire Arms', '9 MM PISTLS', 'cz duty', '67', 'Dealer', 5, 'kings arms company', '', '03009163232', 'GT ROAD ', 'N/A', '50', 60, '2015-03-25'),
(116, 'Acessories', 'CAR MIROR SCANER', 'LOCAL', '', 'Dealer', 5, 'kings arms company', '', '03009163232', 'GT ROAD ', 'N/A', '50', 60, '2015-03-27'),
(117, 'Acessories', 'CAR MIROR SCANER', 'LOCAL', '0', 'Dealer', 5, 'kings arms company', '', '03009163232', 'GT ROAD ', 'N/A', '50', 60, '2015-03-27'),
(118, 'Acessories', 'CAR MIROR SCANER', 'LOCAL', '', 'Dealer', 5, 'kings arms company', '', '03009163232', 'GT ROAD ', 'N/A', '50', 60, '2015-03-27'),
(119, 'Fire Arms', '12 BORE ', 'SEGA 1', '2000', 'Dealer', 1, 'kings arms company', '', '03009163232', 'GT ROAD ', 'N/A', '1200', 1200, '2015-04-06'),
(120, 'Fire Arms', '9 MM BULLET', 'CHINEES', '102', 'Dealer', 100, 'kings arms company', '', '03009163232', 'GT ROAD ', 'N/A', '1200', 2000, '2015-04-06');

-- --------------------------------------------------------

--
-- Table structure for table `registration`
--

CREATE TABLE IF NOT EXISTS `registration` (
  `u_id` int(11) NOT NULL AUTO_INCREMENT,
  `username` varchar(255) NOT NULL,
  `CNIC` int(11) NOT NULL,
  `Contact` int(11) NOT NULL,
  `password` varchar(255) NOT NULL,
  `Role` varchar(255) NOT NULL,
  PRIMARY KEY (`u_id`)
) ENGINE=InnoDB  DEFAULT CHARSET=latin1 AUTO_INCREMENT=5 ;

--
-- Dumping data for table `registration`
--

INSERT INTO `registration` (`u_id`, `username`, `CNIC`, `Contact`, `password`, `Role`) VALUES
(1, 'shahid iqbal', 2147483647, 2147483647, 'shahid12', 'administrator'),
(2, 'shahid', 2147483647, 2147483647, 'shahid12', 'administrator'),
(3, 'shahid', 125485855, 2147483647, '12shahid', 'opertor'),
(4, 'admin', 2902002, 2020202, 'admin2', 'admin2');

-- --------------------------------------------------------

--
-- Table structure for table `renewal_fees`
--

CREATE TABLE IF NOT EXISTS `renewal_fees` (
  `R_id` int(11) NOT NULL AUTO_INCREMENT,
  `R_paymet` int(11) NOT NULL,
  `Date` date NOT NULL,
  `M_id` int(11) NOT NULL,
  PRIMARY KEY (`R_id`)
) ENGINE=InnoDB  DEFAULT CHARSET=latin1 AUTO_INCREMENT=2 ;

--
-- Dumping data for table `renewal_fees`
--

INSERT INTO `renewal_fees` (`R_id`, `R_paymet`, `Date`, `M_id`) VALUES
(1, 1000, '2015-02-27', 6);

-- --------------------------------------------------------

--
-- Table structure for table `sales`
--

CREATE TABLE IF NOT EXISTS `sales` (
  `Sid` int(11) NOT NULL AUTO_INCREMENT,
  `Cname` varchar(255) NOT NULL,
  `NIC` varchar(255) NOT NULL,
  `MobileNo` varchar(255) NOT NULL,
  `Address` varchar(255) NOT NULL,
  `Product` varchar(255) NOT NULL,
  `SubProduct` varchar(255) NOT NULL,
  `pmodel` varchar(255) NOT NULL,
  `LicenseNo` varchar(255) NOT NULL,
  `weapon_no` varchar(255) NOT NULL,
  `membership` varchar(255) NOT NULL,
  `Quantity` int(11) NOT NULL,
  `Amount` int(11) NOT NULL,
  `total` int(11) NOT NULL,
  `Details` varchar(255) NOT NULL,
  `Date` varchar(255) NOT NULL,
  PRIMARY KEY (`Sid`)
) ENGINE=InnoDB  DEFAULT CHARSET=latin1 AUTO_INCREMENT=3 ;

--
-- Dumping data for table `sales`
--

INSERT INTO `sales` (`Sid`, `Cname`, `NIC`, `MobileNo`, `Address`, `Product`, `SubProduct`, `pmodel`, `LicenseNo`, `weapon_no`, `membership`, `Quantity`, `Amount`, `total`, `Details`, `Date`) VALUES
(1, 'faizan khan', '162022', '03439999', 'peshwar', 'Acessories', 'CLEANING OIL', 'USA', '33838', '', 'Silver', 10, 1000, 10000, 'cleared', '2015-04-07'),
(2, 'zeeeshan', '1234', '0343903333', 'peshwar', 'Fire Arms', '9 MM BULLET', 'CHINEES', '388', '101', 'Platinum', 88, 100, 8800, 'cleared', '2015-04-07');

-- --------------------------------------------------------

--
-- Table structure for table `salesbill`
--

CREATE TABLE IF NOT EXISTS `salesbill` (
  `sb_id` int(11) NOT NULL AUTO_INCREMENT,
  `total` int(11) NOT NULL,
  `extras` double NOT NULL,
  `sales_tax` double NOT NULL,
  `rectificaton` int(11) NOT NULL,
  `grandtotal` int(11) NOT NULL,
  `s_id` int(11) NOT NULL,
  `tax_id` int(255) NOT NULL,
  PRIMARY KEY (`sb_id`)
) ENGINE=InnoDB DEFAULT CHARSET=latin1 AUTO_INCREMENT=1 ;

--
-- Dumping data for table `salesbill`
--


-- --------------------------------------------------------

--
-- Table structure for table `sale_bill2`
--

CREATE TABLE IF NOT EXISTS `sale_bill2` (
  `bill2_id` int(11) NOT NULL AUTO_INCREMENT,
  `product` varchar(255) NOT NULL,
  `p_type` varchar(255) NOT NULL,
  `p_model` varchar(255) NOT NULL,
  `weapon_no` varchar(255) NOT NULL,
  `qty` varchar(255) NOT NULL,
  `rate` varchar(255) NOT NULL,
  `total` varchar(255) NOT NULL,
  `details` varchar(255) NOT NULL,
  `s_id` int(11) NOT NULL,
  PRIMARY KEY (`bill2_id`)
) ENGINE=InnoDB  DEFAULT CHARSET=latin1 AUTO_INCREMENT=2 ;

--
-- Dumping data for table `sale_bill2`
--

INSERT INTO `sale_bill2` (`bill2_id`, `product`, `p_type`, `p_model`, `weapon_no`, `qty`, `rate`, `total`, `details`, `s_id`) VALUES
(1, 'Fire Arms', '9 MM BULLET', 'CHINEES', '101', '12', '100', '1200', 'cleared', 1);

-- --------------------------------------------------------

--
-- Table structure for table `settax`
--

CREATE TABLE IF NOT EXISTS `settax` (
  `tax_id` int(11) NOT NULL AUTO_INCREMENT,
  `extras` double NOT NULL,
  `sales_tax` double NOT NULL,
  PRIMARY KEY (`tax_id`)
) ENGINE=InnoDB  DEFAULT CHARSET=latin1 AUTO_INCREMENT=11 ;

--
-- Dumping data for table `settax`
--

INSERT INTO `settax` (`tax_id`, `extras`, `sales_tax`) VALUES
(1, 3.5, 17),
(2, 3, 4),
(3, 5, 17),
(4, 0, 0),
(5, 3.5, 17),
(6, 0, 0),
(7, 0, 17),
(8, 0, 0),
(9, 0, 17),
(10, 0, 0);

-- --------------------------------------------------------

--
-- Table structure for table `totalcharges`
--

CREATE TABLE IF NOT EXISTS `totalcharges` (
  `C_id` int(11) NOT NULL AUTO_INCREMENT,
  `Tcharges` int(11) NOT NULL,
  `Reg_NO` int(11) NOT NULL,
  PRIMARY KEY (`C_id`)
) ENGINE=InnoDB DEFAULT CHARSET=latin1 AUTO_INCREMENT=1 ;

--
-- Dumping data for table `totalcharges`
--

